#
# There is insufficient memory for the Java Runtime Environment to continue.
# Native memory allocation (malloc) failed to allocate 1663040 bytes. Error detail: Chunk::new
# Possible reasons:
#   The system is out of physical RAM or swap space
#   This process is running with CompressedOops enabled, and the Java Heap may be blocking the growth of the native heap
# Possible solutions:
#   Reduce memory load on the system
#   Increase physical memory or swap space
#   Check if swap backing store is full
#   Decrease Java heap size (-Xmx/-Xms)
#   Decrease number of Java threads
#   Decrease Java thread stack sizes (-Xss)
#   Set larger code cache with -XX:ReservedCodeCacheSize=
#   JVM is running with Unscaled Compressed Oops mode in which the Java heap is
#     placed in the first 4GB address space. The Java Heap base address is the
#     maximum limit for the native heap growth. Please use -XX:HeapBaseMinAddress
#     to set the Java Heap base and to place the Java Heap above 4GB virtual address.
# This output file may be truncated or incomplete.
#
#  Out of Memory Error (arena.cpp:168), pid=65012, tid=42668
#
# JRE version: OpenJDK Runtime Environment (21.0.8) (build 21.0.8+-14196175-b1038.72)
# Java VM: OpenJDK 64-Bit Server VM (21.0.8+-14196175-b1038.72, mixed mode, tiered, compressed oops, compressed class ptrs, g1 gc, windows-amd64)
# No core dump will be written. Minidumps are not enabled by default on client versions of Windows
#

---------------  S U M M A R Y ------------

Command Line: --add-opens=java.base/java.lang=ALL-UNNAMED --add-opens=java.base/java.lang.invoke=ALL-UNNAMED --add-opens=java.base/java.util=ALL-UNNAMED --add-opens=java.prefs/java.util.prefs=ALL-UNNAMED --add-exports=jdk.compiler/com.sun.tools.javac.api=ALL-UNNAMED --add-exports=jdk.compiler/com.sun.tools.javac.util=ALL-UNNAMED --add-opens=java.base/java.util=ALL-UNNAMED --add-opens=java.prefs/java.util.prefs=ALL-UNNAMED --add-opens=java.base/java.nio.charset=ALL-UNNAMED --add-opens=java.base/java.net=ALL-UNNAMED --add-opens=java.base/java.util.concurrent.atomic=ALL-UNNAMED --add-opens=java.xml/javax.xml.namespace=ALL-UNNAMED -Xmx2048m -Dfile.encoding=UTF-8 -Duser.country=US -Duser.language=en -Duser.variant -javaagent:C:\Users\chucy\.gradle\wrapper\dists\gradle-8.13-bin\5xuhj0ry160q40clulazy9h7d\gradle-8.13\lib\agents\gradle-instrumentation-agent-8.13.jar org.gradle.launcher.daemon.bootstrap.GradleDaemon 8.13

Host: AMD Ryzen 9 5900HX with Radeon Graphics        , 16 cores, 15G,  Windows 11 , 64 bit Build 26100 (10.0.26100.7051)
Time: Tue Nov 18 05:34:53 2025 elapsed time: 32.668311 seconds (0d 0h 0m 32s)

---------------  T H R E A D  ---------------

Current thread (0x0000022fe1653b10):  JavaThread "C2 CompilerThread3" daemon [_thread_in_native, id=42668, stack(0x0000009bdb100000,0x0000009bdb200000) (1024K)]


Current CompileTask:
C2:32668 18961       4       com.android.tools.r8.internal.x31::b (911 bytes)

Stack: [0x0000009bdb100000,0x0000009bdb200000]
Native frames: (J=compiled Java code, j=interpreted, Vv=VM code, C=native code)
V  [jvm.dll+0x6d68d9]
V  [jvm.dll+0x866693]
V  [jvm.dll+0x868c4e]
V  [jvm.dll+0x869333]
V  [jvm.dll+0x280566]
V  [jvm.dll+0xc07cd]
V  [jvm.dll+0xc0d03]
V  [jvm.dll+0x3b961b]
V  [jvm.dll+0x385507]
V  [jvm.dll+0x38497a]
V  [jvm.dll+0x249252]
V  [jvm.dll+0x248821]
V  [jvm.dll+0x1c73a4]
V  [jvm.dll+0x257f9e]
V  [jvm.dll+0x2564e6]
V  [jvm.dll+0x3f4696]
V  [jvm.dll+0x80eac8]
V  [jvm.dll+0x6d512d]
C  [ucrtbase.dll+0x37b0]
C  [KERNEL32.DLL+0x2e8d7]
C  [ntdll.dll+0x8c53c]


---------------  P R O C E S S  ---------------

Threads class SMR info:
_java_thread_list=0x0000022feda06aa0, length=273, elements={
0x0000022fc26ecc80, 0x0000022fda9c25f0, 0x0000022fda9c41c0, 0x0000022fda9c5a10,
0x0000022fda9ee440, 0x0000022fda9f7430, 0x0000022fdaa01e20, 0x0000022fdaa033f0,
0x0000022fdaa119b0, 0x0000022fdaa16540, 0x0000022fdf14f540, 0x0000022fe0997cc0,
0x0000022fe0b48260, 0x0000022fe0a079d0, 0x0000022fe0a94c10, 0x0000022fe0a99b00,
0x0000022fe08f80b0, 0x0000022fe0bb55a0, 0x0000022fe0c26710, 0x0000022fe0c25360,
0x0000022fe0c26da0, 0x0000022fe0c259f0, 0x0000022fe0c23920, 0x0000022fe0c23fb0,
0x0000022fe0c26080, 0x0000022fe0c24640, 0x0000022fe11c3de0, 0x0000022fe11c5820,
0x0000022fe11c4470, 0x0000022fe11c4b00, 0x0000022fe11c6540, 0x0000022fe11c6bd0,
0x0000022fe6b0e130, 0x0000022fe6b0cd80, 0x0000022fe6b0c6f0, 0x0000022fe6b0e7c0,
0x0000022fe6b0d410, 0x0000022fe6b0ee50, 0x0000022fe6b0c060, 0x0000022fe6b122d0,
0x0000022fe6b115b0, 0x0000022fe6b11c40, 0x0000022fe6b12ff0, 0x0000022fe6b12960,
0x0000022fe6b0fb70, 0x0000022fe6b13680, 0x0000022fe6b10200, 0x0000022fe6b10890,
0x0000022fe6b10f20, 0x0000022fe4fd23f0, 0x0000022fe4fd09b0, 0x0000022fe4fcef70,
0x0000022fe4fcf600, 0x0000022fe4fd1040, 0x0000022fe4fcfc90, 0x0000022fe1c9e100,
0x0000022fe1c9cd50, 0x0000022fe1c9da70, 0x0000022fe1c9d3e0, 0x0000022fe1c9c030,
0x0000022fe1c9ac80, 0x0000022fe1ca22a0, 0x0000022fe4fd1d60, 0x0000022fe3b5ab80,
0x0000022fe3b5a4f0, 0x0000022fe3b5c5c0, 0x0000022fe3b5b210, 0x0000022fe3b5b8a0,
0x0000022fe3b5bf30, 0x0000022fe3b5cc50, 0x0000022fe3b5d2e0, 0x0000022fe3b59e60,
0x0000022fe3b5e690, 0x0000022fe3b5fa40, 0x0000022fe3b5ed20, 0x0000022fe3b5d970,
0x0000022fe3b60760, 0x0000022fe3b60df0, 0x0000022fe3b61480, 0x0000022fe3b600d0,
0x0000022fe3b5e000, 0x0000022fe3b5f3b0, 0x0000022fe0e49600, 0x0000022fe0e48250,
0x0000022fe0e4b040, 0x0000022fe0e4a320, 0x0000022fe0e4bd60, 0x0000022fe0e48f70,
0x0000022fe0e49c90, 0x0000022fe0e4b6d0, 0x0000022fe0e488e0, 0x0000022fe0e4ca80,
0x0000022fe0e4a9b0, 0x0000022fe0e4de30, 0x0000022fe0e4d110, 0x0000022fe0e4e4c0,
0x0000022fe0e4eb50, 0x0000022fe0e4d7a0, 0x0000022fe0e4f870, 0x0000022fe0e4c3f0,
0x0000022fe0e4f1e0, 0x0000022fe1c9c6c0, 0x0000022fe1ca01d0, 0x0000022fe1ca0860,
0x0000022fe1ca0ef0, 0x0000022fe1ca1580, 0x0000022fe642a060, 0x0000022fe6428620,
0x0000022fe642ad80, 0x0000022fe642e890, 0x0000022fe5eaff50, 0x0000022fe5eb2020,
0x0000022fe5eb1300, 0x0000022fe5eb05e0, 0x0000022fe5eb1990, 0x0000022fe5eaf8c0,
0x0000022fe6db6630, 0x0000022fe6db5fa0, 0x0000022fe6db31b0, 0x0000022fe5bc7a40,
0x0000022fe5bc8760, 0x0000022fe5bc8df0, 0x0000022fe5bc80d0, 0x0000022fe5bc9480,
0x0000022fe5bc6690, 0x0000022fe5bca1a0, 0x0000022fe5bccf90, 0x0000022fe5bcd620,
0x0000022fe5bcc900, 0x0000022fe5bcdcb0, 0x0000022fe5bca830, 0x0000022fe5bcaec0,
0x0000022fe5bcb550, 0x0000022fe5bcbbe0, 0x0000022fe269f830, 0x0000022fe269f1a0,
0x0000022fe269e480, 0x0000022fe269d760, 0x0000022fe269eb10, 0x0000022fe269fec0,
0x0000022fe1c9ee20, 0x0000022fe1c9f4b0, 0x0000022fe5eb0c70, 0x0000022fecd2c690,
0x0000022fecd2cd20, 0x0000022fecd2b970, 0x0000022fecd2c000, 0x0000022fecd2da40,
0x0000022fecd2d3b0, 0x0000022fecd2e0d0, 0x0000022fecd2ac50, 0x0000022fe2e4a520,
0x0000022fe2e4bf60, 0x0000022fe2e4d9a0, 0x0000022fe2e4abb0, 0x0000022fe2e4e030,
0x0000022fe2e4c5f0, 0x0000022fe2e4e6c0, 0x0000022fe2e4b240, 0x0000022fe2e4ed50,
0x0000022fe2e4b8d0, 0x0000022fe2e4f3e0, 0x0000022fe2e4fa70, 0x0000022fe2e50100,
0x0000022fe2e50790, 0x0000022fe2e50e20, 0x0000022fed61f950, 0x0000022fed61e5a0,
0x0000022fed61ec30, 0x0000022fed61ffe0, 0x0000022fed61f2c0, 0x0000022fed620670,
0x0000022fed61df10, 0x0000022fed61d880, 0x0000022fed622dd0, 0x0000022fed621390,
0x0000022fed622740, 0x0000022fed620d00, 0x0000022fed623460, 0x0000022fed624180,
0x0000022fed6220b0, 0x0000022fed624ea0, 0x0000022fed621a20, 0x0000022fed625530,
0x0000022fed629040, 0x0000022fed625bc0, 0x0000022fed6296d0, 0x0000022fed628320,
0x0000022fed627c90, 0x0000022fed6289b0, 0x0000022fed6268e0, 0x0000022fed626250,
0x0000022fed62a3f0, 0x0000022fed629d60, 0x0000022fed626f70, 0x0000022fed62aa80,
0x0000022fed627600, 0x0000022fed62b7a0, 0x0000022fed62c4c0, 0x0000022fed62b110,
0x0000022fed62be30, 0x0000022fed62cb50, 0x0000022fecd2e760, 0x0000022fecd2b2e0,
0x0000022fecd30830, 0x0000022fecd30ec0, 0x0000022fecd2fb10, 0x0000022fecd2edf0,
0x0000022fecd31be0, 0x0000022fecd2f480, 0x0000022fecd32900, 0x0000022fecd32f90,
0x0000022fecd32270, 0x0000022fecd31550, 0x0000022fecd33620, 0x0000022fecd301a0,
0x0000022fecd34340, 0x0000022fecd356f0, 0x0000022fecd36aa0, 0x0000022fecd33cb0,
0x0000022fecd37130, 0x0000022fecd35d80, 0x0000022fecd37e50, 0x0000022fecd377c0,
0x0000022fecd349d0, 0x0000022fecd35060, 0x0000022fecd38b70, 0x0000022fecd39f20,
0x0000022fecd384e0, 0x0000022fecd39200, 0x0000022fecd00070, 0x0000022feccf3b90,
0x0000022feccf27e0, 0x0000022feccf1ac0, 0x0000022feccf2150, 0x0000022feccf0da0,
0x0000022fe16526a0, 0x0000022feccf2e70, 0x0000022feccf9770, 0x0000022feccfd280,
0x0000022feccfb1b0, 0x0000022feccfc560, 0x0000022feccfb840, 0x0000022feccf9e00,
0x0000022feccfd910, 0x0000022feccfa490, 0x0000022feccfab20, 0x0000022feccff350,
0x0000022feccfe630, 0x0000022fed623af0, 0x0000022fe5bc9b10, 0x0000022fe5bc6d20,
0x0000022fecd39890, 0x0000022fe1652d70, 0x0000022fe1653b10, 0x0000022fe1656ac0,
0x0000022fe1653440, 0x0000022fdf09ff20, 0x0000022fdf0a2d10, 0x0000022fdf0a05b0,
0x0000022fdf0a33a0, 0x0000022fdf0a40c0, 0x0000022fdf0a3a30, 0x0000022fdf0a0c40,
0x0000022fdf0a7540, 0x0000022fdf0a4de0, 0x0000022fdf0a6820, 0x0000022fdf0a6eb0,
0x0000022fdf0a7bd0, 0x0000022fdf0a5470, 0x0000022fdf0a8260, 0x0000022fdf0a88f0,
0x0000022fe47cbdb0
}

Java Threads: ( => current thread )
  0x0000022fc26ecc80 JavaThread "main"                              [_thread_blocked, id=66524, stack(0x0000009bc9b00000,0x0000009bc9c00000) (1024K)]
  0x0000022fda9c25f0 JavaThread "Common-Cleaner"             daemon [_thread_blocked, id=63764, stack(0x0000009bca300000,0x0000009bca400000) (1024K)]
  0x0000022fda9c41c0 JavaThread "Reference Handler"          daemon [_thread_blocked, id=70448, stack(0x0000009bca400000,0x0000009bca500000) (1024K)]
  0x0000022fda9c5a10 JavaThread "Finalizer"                  daemon [_thread_blocked, id=76560, stack(0x0000009bca500000,0x0000009bca600000) (1024K)]
  0x0000022fda9ee440 JavaThread "Signal Dispatcher"          daemon [_thread_blocked, id=15988, stack(0x0000009bca600000,0x0000009bca700000) (1024K)]
  0x0000022fda9f7430 JavaThread "Attach Listener"            daemon [_thread_blocked, id=74432, stack(0x0000009bca700000,0x0000009bca800000) (1024K)]
  0x0000022fdaa01e20 JavaThread "Service Thread"             daemon [_thread_blocked, id=72552, stack(0x0000009bca800000,0x0000009bca900000) (1024K)]
  0x0000022fdaa033f0 JavaThread "Monitor Deflation Thread"   daemon [_thread_blocked, id=70484, stack(0x0000009bca900000,0x0000009bcaa00000) (1024K)]
  0x0000022fdaa119b0 JavaThread "C2 CompilerThread0"         daemon [_thread_in_native, id=76588, stack(0x0000009bcaa00000,0x0000009bcab00000) (1024K)]
  0x0000022fdaa16540 JavaThread "C1 CompilerThread0"         daemon [_thread_blocked, id=76164, stack(0x0000009bcab00000,0x0000009bcac00000) (1024K)]
  0x0000022fdf14f540 JavaThread "Notification Thread"        daemon [_thread_blocked, id=64664, stack(0x0000009bcae00000,0x0000009bcaf00000) (1024K)]
  0x0000022fe0997cc0 JavaThread "Daemon health stats"               [_thread_blocked, id=76468, stack(0x0000009bcb300000,0x0000009bcb400000) (1024K)]
  0x0000022fe0b48260 JavaThread "Incoming local TCP Connector on port 60542"        [_thread_in_native, id=47448, stack(0x0000009bcb900000,0x0000009bcba00000) (1024K)]
  0x0000022fe0a079d0 JavaThread "Daemon periodic checks"            [_thread_blocked, id=12948, stack(0x0000009bcba00000,0x0000009bcbb00000) (1024K)]
  0x0000022fe0a94c10 JavaThread "Daemon"                            [_thread_blocked, id=73852, stack(0x0000009bcbb00000,0x0000009bcbc00000) (1024K)]
  0x0000022fe0a99b00 JavaThread "Handler for socket connection from /127.0.0.1:60542 to /127.0.0.1:60543"        [_thread_in_native, id=77788, stack(0x0000009bcbc00000,0x0000009bcbd00000) (1024K)]
  0x0000022fe08f80b0 JavaThread "Cancel handler"                    [_thread_blocked, id=73864, stack(0x0000009bcc500000,0x0000009bcc600000) (1024K)]
  0x0000022fe0bb55a0 JavaThread "Daemon worker"                     [_thread_blocked, id=70696, stack(0x0000009bcc600000,0x0000009bcc700000) (1024K)]
  0x0000022fe0c26710 JavaThread "Asynchronous log dispatcher for DefaultDaemonConnection: socket connection from /127.0.0.1:60542 to /127.0.0.1:60543"        [_thread_blocked, id=77724, stack(0x0000009bcc700000,0x0000009bcc800000) (1024K)]
  0x0000022fe0c25360 JavaThread "Stdin handler"                     [_thread_blocked, id=75748, stack(0x0000009bcc800000,0x0000009bcc900000) (1024K)]
  0x0000022fe0c26da0 JavaThread "Daemon client event forwarder"        [_thread_blocked, id=17272, stack(0x0000009bcc900000,0x0000009bcca00000) (1024K)]
  0x0000022fe0c259f0 JavaThread "Cache worker for journal cache (C:\Users\chucy\.gradle\caches\journal-1)"        [_thread_blocked, id=69028, stack(0x0000009bccc00000,0x0000009bccd00000) (1024K)]
  0x0000022fe0c23920 JavaThread "File lock request listener"        [_thread_in_native, id=71844, stack(0x0000009bccd00000,0x0000009bcce00000) (1024K)]
  0x0000022fe0c23fb0 JavaThread "Cache worker for file hash cache (C:\Users\chucy\.gradle\caches\8.13\fileHashes)"        [_thread_blocked, id=52436, stack(0x0000009bcce00000,0x0000009bccf00000) (1024K)]
  0x0000022fe0c26080 JavaThread "Cache worker for file hash cache (C:\Users\chucy\AndroidStudioProjects\TouchPad\.gradle\8.13\fileHashes)"        [_thread_blocked, id=68228, stack(0x0000009bccf00000,0x0000009bcd000000) (1024K)]
  0x0000022fe0c24640 JavaThread "Cache worker for Build Output Cleanup Cache (C:\Users\chucy\AndroidStudioProjects\TouchPad\.gradle\buildOutputCleanup)"        [_thread_blocked, id=75996, stack(0x0000009bcd000000,0x0000009bcd100000) (1024K)]
  0x0000022fe11c3de0 JavaThread "File watcher server"        daemon [_thread_in_native, id=43000, stack(0x0000009bcd100000,0x0000009bcd200000) (1024K)]
  0x0000022fe11c5820 JavaThread "File watcher consumer"      daemon [_thread_blocked, id=70528, stack(0x0000009bcd200000,0x0000009bcd300000) (1024K)]
  0x0000022fe11c4470 JavaThread "jar transforms"                    [_thread_blocked, id=75316, stack(0x0000009bcd300000,0x0000009bcd400000) (1024K)]
  0x0000022fe11c4b00 JavaThread "jar transforms Thread 2"           [_thread_blocked, id=70636, stack(0x0000009bcd400000,0x0000009bcd500000) (1024K)]
  0x0000022fe11c6540 JavaThread "Cache worker for checksums cache (C:\Users\chucy\AndroidStudioProjects\TouchPad\.gradle\8.13\checksums)"        [_thread_blocked, id=73332, stack(0x0000009bcd500000,0x0000009bcd600000) (1024K)]
  0x0000022fe11c6bd0 JavaThread "Cache worker for file content cache (C:\Users\chucy\.gradle\caches\8.13\fileContent)"        [_thread_blocked, id=60976, stack(0x0000009bcd600000,0x0000009bcd700000) (1024K)]
  0x0000022fe6b0e130 JavaThread "jar transforms Thread 3"           [_thread_blocked, id=70032, stack(0x0000009bcd700000,0x0000009bcd800000) (1024K)]
  0x0000022fe6b0cd80 JavaThread "Cache worker for cache directory md-supplier (C:\Users\chucy\.gradle\caches\8.13\md-supplier)"        [_thread_blocked, id=69372, stack(0x0000009bcb200000,0x0000009bcb300000) (1024K)]
  0x0000022fe6b0c6f0 JavaThread "Cache worker for cache directory md-rule (C:\Users\chucy\.gradle\caches\8.13\md-rule)"        [_thread_blocked, id=75956, stack(0x0000009bcd800000,0x0000009bcd900000) (1024K)]
  0x0000022fe6b0e7c0 JavaThread "Unconstrained build operations"        [_thread_blocked, id=75232, stack(0x0000009bcd900000,0x0000009bcda00000) (1024K)]
  0x0000022fe6b0d410 JavaThread "Unconstrained build operations Thread 2"        [_thread_blocked, id=70688, stack(0x0000009bcda00000,0x0000009bcdb00000) (1024K)]
  0x0000022fe6b0ee50 JavaThread "Unconstrained build operations Thread 3"        [_thread_blocked, id=43100, stack(0x0000009bcdb00000,0x0000009bcdc00000) (1024K)]
  0x0000022fe6b0c060 JavaThread "Unconstrained build operations Thread 4"        [_thread_blocked, id=29948, stack(0x0000009bcdc00000,0x0000009bcdd00000) (1024K)]
  0x0000022fe6b122d0 JavaThread "Unconstrained build operations Thread 5"        [_thread_blocked, id=30104, stack(0x0000009bcdd00000,0x0000009bcde00000) (1024K)]
  0x0000022fe6b115b0 JavaThread "Unconstrained build operations Thread 6"        [_thread_blocked, id=42808, stack(0x0000009bcde00000,0x0000009bcdf00000) (1024K)]
  0x0000022fe6b11c40 JavaThread "Unconstrained build operations Thread 7"        [_thread_blocked, id=64440, stack(0x0000009bcdf00000,0x0000009bce000000) (1024K)]
  0x0000022fe6b12ff0 JavaThread "Unconstrained build operations Thread 8"        [_thread_blocked, id=41932, stack(0x0000009bce000000,0x0000009bce100000) (1024K)]
  0x0000022fe6b12960 JavaThread "Unconstrained build operations Thread 9"        [_thread_blocked, id=67504, stack(0x0000009bce100000,0x0000009bce200000) (1024K)]
  0x0000022fe6b0fb70 JavaThread "Unconstrained build operations Thread 10"        [_thread_blocked, id=71104, stack(0x0000009bce200000,0x0000009bce300000) (1024K)]
  0x0000022fe6b13680 JavaThread "jar transforms Thread 4"           [_thread_blocked, id=16116, stack(0x0000009bce300000,0x0000009bce400000) (1024K)]
  0x0000022fe6b10200 JavaThread "jar transforms Thread 5"           [_thread_blocked, id=58196, stack(0x0000009bce400000,0x0000009bce500000) (1024K)]
  0x0000022fe6b10890 JavaThread "Unconstrained build operations Thread 11"        [_thread_blocked, id=37832, stack(0x0000009bce500000,0x0000009bce600000) (1024K)]
  0x0000022fe6b10f20 JavaThread "Unconstrained build operations Thread 12"        [_thread_blocked, id=52272, stack(0x0000009bce600000,0x0000009bce700000) (1024K)]
  0x0000022fe4fd23f0 JavaThread "Unconstrained build operations Thread 13"        [_thread_blocked, id=64668, stack(0x0000009bce700000,0x0000009bce800000) (1024K)]
  0x0000022fe4fd09b0 JavaThread "Unconstrained build operations Thread 14"        [_thread_blocked, id=74640, stack(0x0000009bce800000,0x0000009bce900000) (1024K)]
  0x0000022fe4fcef70 JavaThread "Unconstrained build operations Thread 15"        [_thread_blocked, id=77252, stack(0x0000009bce900000,0x0000009bcea00000) (1024K)]
  0x0000022fe4fcf600 JavaThread "jar transforms Thread 6"           [_thread_blocked, id=76892, stack(0x0000009bcea00000,0x0000009bceb00000) (1024K)]
  0x0000022fe4fd1040 JavaThread "jar transforms Thread 7"           [_thread_blocked, id=71636, stack(0x0000009bceb00000,0x0000009bcec00000) (1024K)]
  0x0000022fe4fcfc90 JavaThread "jar transforms Thread 8"           [_thread_blocked, id=69272, stack(0x0000009bcec00000,0x0000009bced00000) (1024K)]
  0x0000022fe1c9e100 JavaThread "Unconstrained build operations Thread 16"        [_thread_blocked, id=71436, stack(0x0000009bcb100000,0x0000009bcb200000) (1024K)]
  0x0000022fe1c9cd50 JavaThread "Unconstrained build operations Thread 17"        [_thread_blocked, id=74104, stack(0x0000009bced00000,0x0000009bcee00000) (1024K)]
  0x0000022fe1c9da70 JavaThread "Unconstrained build operations Thread 18"        [_thread_blocked, id=53316, stack(0x0000009bcee00000,0x0000009bcef00000) (1024K)]
  0x0000022fe1c9d3e0 JavaThread "Unconstrained build operations Thread 19"        [_thread_blocked, id=70000, stack(0x0000009bcef00000,0x0000009bcf000000) (1024K)]
  0x0000022fe1c9c030 JavaThread "Unconstrained build operations Thread 20"        [_thread_blocked, id=71156, stack(0x0000009bcf000000,0x0000009bcf100000) (1024K)]
  0x0000022fe1c9ac80 JavaThread "Unconstrained build operations Thread 21"        [_thread_blocked, id=43624, stack(0x0000009bcf100000,0x0000009bcf200000) (1024K)]
  0x0000022fe1ca22a0 JavaThread "Unconstrained build operations Thread 22"        [_thread_blocked, id=76540, stack(0x0000009bcf300000,0x0000009bcf400000) (1024K)]
  0x0000022fe4fd1d60 JavaThread "Unconstrained build operations Thread 23"        [_thread_blocked, id=60932, stack(0x0000009bcf400000,0x0000009bcf500000) (1024K)]
  0x0000022fe3b5ab80 JavaThread "Unconstrained build operations Thread 24"        [_thread_blocked, id=77232, stack(0x0000009bcf500000,0x0000009bcf600000) (1024K)]
  0x0000022fe3b5a4f0 JavaThread "Unconstrained build operations Thread 25"        [_thread_blocked, id=68192, stack(0x0000009bcf600000,0x0000009bcf700000) (1024K)]
  0x0000022fe3b5c5c0 JavaThread "Unconstrained build operations Thread 26"        [_thread_blocked, id=12184, stack(0x0000009bcf700000,0x0000009bcf800000) (1024K)]
  0x0000022fe3b5b210 JavaThread "Unconstrained build operations Thread 27"        [_thread_blocked, id=72844, stack(0x0000009bcf800000,0x0000009bcf900000) (1024K)]
  0x0000022fe3b5b8a0 JavaThread "Unconstrained build operations Thread 28"        [_thread_blocked, id=58664, stack(0x0000009bcf900000,0x0000009bcfa00000) (1024K)]
  0x0000022fe3b5bf30 JavaThread "Unconstrained build operations Thread 29"        [_thread_blocked, id=63528, stack(0x0000009bcfa00000,0x0000009bcfb00000) (1024K)]
  0x0000022fe3b5cc50 JavaThread "Unconstrained build operations Thread 30"        [_thread_blocked, id=55948, stack(0x0000009bcfb00000,0x0000009bcfc00000) (1024K)]
  0x0000022fe3b5d2e0 JavaThread "Unconstrained build operations Thread 31"        [_thread_blocked, id=67796, stack(0x0000009bcfc00000,0x0000009bcfd00000) (1024K)]
  0x0000022fe3b59e60 JavaThread "Unconstrained build operations Thread 32"        [_thread_blocked, id=64888, stack(0x0000009bcfd00000,0x0000009bcfe00000) (1024K)]
  0x0000022fe3b5e690 JavaThread "Unconstrained build operations Thread 33"        [_thread_blocked, id=69252, stack(0x0000009bcfe00000,0x0000009bcff00000) (1024K)]
  0x0000022fe3b5fa40 JavaThread "Unconstrained build operations Thread 34"        [_thread_blocked, id=14912, stack(0x0000009bcff00000,0x0000009bd0000000) (1024K)]
  0x0000022fe3b5ed20 JavaThread "Unconstrained build operations Thread 35"        [_thread_blocked, id=73636, stack(0x0000009bd0000000,0x0000009bd0100000) (1024K)]
  0x0000022fe3b5d970 JavaThread "Unconstrained build operations Thread 36"        [_thread_blocked, id=62504, stack(0x0000009bd0100000,0x0000009bd0200000) (1024K)]
  0x0000022fe3b60760 JavaThread "Unconstrained build operations Thread 37"        [_thread_blocked, id=65748, stack(0x0000009bd0200000,0x0000009bd0300000) (1024K)]
  0x0000022fe3b60df0 JavaThread "Unconstrained build operations Thread 38"        [_thread_blocked, id=73172, stack(0x0000009bd0300000,0x0000009bd0400000) (1024K)]
  0x0000022fe3b61480 JavaThread "Unconstrained build operations Thread 39"        [_thread_blocked, id=36652, stack(0x0000009bd0400000,0x0000009bd0500000) (1024K)]
  0x0000022fe3b600d0 JavaThread "Unconstrained build operations Thread 40"        [_thread_blocked, id=45624, stack(0x0000009bd0500000,0x0000009bd0600000) (1024K)]
  0x0000022fe3b5e000 JavaThread "Unconstrained build operations Thread 41"        [_thread_blocked, id=76456, stack(0x0000009bd0600000,0x0000009bd0700000) (1024K)]
  0x0000022fe3b5f3b0 JavaThread "Unconstrained build operations Thread 42"        [_thread_blocked, id=77380, stack(0x0000009bd0700000,0x0000009bd0800000) (1024K)]
  0x0000022fe0e49600 JavaThread "Unconstrained build operations Thread 43"        [_thread_blocked, id=75220, stack(0x0000009bd0800000,0x0000009bd0900000) (1024K)]
  0x0000022fe0e48250 JavaThread "Unconstrained build operations Thread 44"        [_thread_blocked, id=67944, stack(0x0000009bd0900000,0x0000009bd0a00000) (1024K)]
  0x0000022fe0e4b040 JavaThread "Unconstrained build operations Thread 45"        [_thread_blocked, id=69532, stack(0x0000009bcf200000,0x0000009bcf300000) (1024K)]
  0x0000022fe0e4a320 JavaThread "Unconstrained build operations Thread 46"        [_thread_blocked, id=73504, stack(0x0000009bd0a00000,0x0000009bd0b00000) (1024K)]
  0x0000022fe0e4bd60 JavaThread "Unconstrained build operations Thread 47"        [_thread_blocked, id=17832, stack(0x0000009bd0b00000,0x0000009bd0c00000) (1024K)]
  0x0000022fe0e48f70 JavaThread "Unconstrained build operations Thread 48"        [_thread_blocked, id=43300, stack(0x0000009bd0c00000,0x0000009bd0d00000) (1024K)]
  0x0000022fe0e49c90 JavaThread "Unconstrained build operations Thread 49"        [_thread_blocked, id=51224, stack(0x0000009bd0d00000,0x0000009bd0e00000) (1024K)]
  0x0000022fe0e4b6d0 JavaThread "Unconstrained build operations Thread 50"        [_thread_blocked, id=56340, stack(0x0000009bd0e00000,0x0000009bd0f00000) (1024K)]
  0x0000022fe0e488e0 JavaThread "Unconstrained build operations Thread 51"        [_thread_blocked, id=73492, stack(0x0000009bd0f00000,0x0000009bd1000000) (1024K)]
  0x0000022fe0e4ca80 JavaThread "Unconstrained build operations Thread 52"        [_thread_blocked, id=71316, stack(0x0000009bd1000000,0x0000009bd1100000) (1024K)]
  0x0000022fe0e4a9b0 JavaThread "Unconstrained build operations Thread 53"        [_thread_blocked, id=70172, stack(0x0000009bd1100000,0x0000009bd1200000) (1024K)]
  0x0000022fe0e4de30 JavaThread "Unconstrained build operations Thread 54"        [_thread_blocked, id=51916, stack(0x0000009bd1200000,0x0000009bd1300000) (1024K)]
  0x0000022fe0e4d110 JavaThread "Unconstrained build operations Thread 55"        [_thread_blocked, id=70404, stack(0x0000009bd1300000,0x0000009bd1400000) (1024K)]
  0x0000022fe0e4e4c0 JavaThread "Unconstrained build operations Thread 56"        [_thread_blocked, id=18324, stack(0x0000009bd1400000,0x0000009bd1500000) (1024K)]
  0x0000022fe0e4eb50 JavaThread "Unconstrained build operations Thread 57"        [_thread_blocked, id=43444, stack(0x0000009bd1500000,0x0000009bd1600000) (1024K)]
  0x0000022fe0e4d7a0 JavaThread "Unconstrained build operations Thread 58"        [_thread_blocked, id=34200, stack(0x0000009bd1600000,0x0000009bd1700000) (1024K)]
  0x0000022fe0e4f870 JavaThread "Unconstrained build operations Thread 59"        [_thread_blocked, id=71684, stack(0x0000009bd1700000,0x0000009bd1800000) (1024K)]
  0x0000022fe0e4c3f0 JavaThread "Unconstrained build operations Thread 60"        [_thread_blocked, id=72976, stack(0x0000009bd1800000,0x0000009bd1900000) (1024K)]
  0x0000022fe0e4f1e0 JavaThread "Unconstrained build operations Thread 61"        [_thread_blocked, id=76324, stack(0x0000009bd1900000,0x0000009bd1a00000) (1024K)]
  0x0000022fe1c9c6c0 JavaThread "Unconstrained build operations Thread 62"        [_thread_blocked, id=60524, stack(0x0000009bd1a00000,0x0000009bd1b00000) (1024K)]
  0x0000022fe1ca01d0 JavaThread "Unconstrained build operations Thread 63"        [_thread_blocked, id=72108, stack(0x0000009bd1b00000,0x0000009bd1c00000) (1024K)]
  0x0000022fe1ca0860 JavaThread "Unconstrained build operations Thread 64"        [_thread_blocked, id=50124, stack(0x0000009bd1c00000,0x0000009bd1d00000) (1024K)]
  0x0000022fe1ca0ef0 JavaThread "Unconstrained build operations Thread 65"        [_thread_blocked, id=71272, stack(0x0000009bd1d00000,0x0000009bd1e00000) (1024K)]
  0x0000022fe1ca1580 JavaThread "Unconstrained build operations Thread 66"        [_thread_blocked, id=67820, stack(0x0000009bd1e00000,0x0000009bd1f00000) (1024K)]
  0x0000022fe642a060 JavaThread "build event listener"              [_thread_blocked, id=77204, stack(0x0000009bcaf00000,0x0000009bcb000000) (1024K)]
  0x0000022fe6428620 JavaThread "Memory manager"                    [_thread_blocked, id=67152, stack(0x0000009bd1f00000,0x0000009bd2000000) (1024K)]
  0x0000022fe642ad80 JavaThread "build event listener"              [_thread_blocked, id=75884, stack(0x0000009bd2100000,0x0000009bd2200000) (1024K)]
  0x0000022fe642e890 JavaThread "ForkJoinPool.commonPool-worker-4" daemon [_thread_blocked, id=75568, stack(0x0000009bd2400000,0x0000009bd2500000) (1024K)]
  0x0000022fe5eaff50 JavaThread "ForkJoinPool.commonPool-worker-5" daemon [_thread_blocked, id=43580, stack(0x0000009bd2500000,0x0000009bd2600000) (1024K)]
  0x0000022fe5eb2020 JavaThread "ForkJoinPool.commonPool-worker-7" daemon [_thread_blocked, id=74032, stack(0x0000009bd2700000,0x0000009bd2800000) (1024K)]
  0x0000022fe5eb1300 JavaThread "ForkJoinPool.commonPool-worker-8" daemon [_thread_blocked, id=76948, stack(0x0000009bd2800000,0x0000009bd2900000) (1024K)]
  0x0000022fe5eb05e0 JavaThread "ForkJoinPool.commonPool-worker-9" daemon [_thread_blocked, id=77396, stack(0x0000009bd2900000,0x0000009bd2a00000) (1024K)]
  0x0000022fe5eb1990 JavaThread "ForkJoinPool.commonPool-worker-10" daemon [_thread_blocked, id=74384, stack(0x0000009bd2a00000,0x0000009bd2b00000) (1024K)]
  0x0000022fe5eaf8c0 JavaThread "ForkJoinPool.commonPool-worker-11" daemon [_thread_blocked, id=53928, stack(0x0000009bd2b00000,0x0000009bd2c00000) (1024K)]
  0x0000022fe6db6630 JavaThread "Exec process"               daemon [_thread_blocked, id=77696, stack(0x0000009bd2c00000,0x0000009bd2d00000) (1024K)]
  0x0000022fe6db5fa0 JavaThread "Exec process Thread 2"      daemon [_thread_blocked, id=76224, stack(0x0000009bd2d00000,0x0000009bd2e00000) (1024K)]
  0x0000022fe6db31b0 JavaThread "Exec process Thread 3"      daemon [_thread_blocked, id=75268, stack(0x0000009bd2e00000,0x0000009bd2f00000) (1024K)]
  0x0000022fe5bc7a40 JavaThread "included builds"                   [_thread_blocked, id=66228, stack(0x0000009bd3100000,0x0000009bd3200000) (1024K)]
  0x0000022fe5bc8760 JavaThread "Execution worker"                  [_thread_blocked, id=68452, stack(0x0000009bd3200000,0x0000009bd3300000) (1024K)]
  0x0000022fe5bc8df0 JavaThread "Execution worker Thread 2"         [_thread_blocked, id=77228, stack(0x0000009bd3300000,0x0000009bd3400000) (1024K)]
  0x0000022fe5bc80d0 JavaThread "Execution worker Thread 3"         [_thread_blocked, id=75408, stack(0x0000009bd3400000,0x0000009bd3500000) (1024K)]
  0x0000022fe5bc9480 JavaThread "Execution worker Thread 4"         [_thread_blocked, id=67664, stack(0x0000009bd3500000,0x0000009bd3600000) (1024K)]
  0x0000022fe5bc6690 JavaThread "Execution worker Thread 5"         [_thread_blocked, id=34688, stack(0x0000009bd3600000,0x0000009bd3700000) (1024K)]
  0x0000022fe5bca1a0 JavaThread "Execution worker Thread 6"         [_thread_blocked, id=76644, stack(0x0000009bd3700000,0x0000009bd3800000) (1024K)]
  0x0000022fe5bccf90 JavaThread "Execution worker Thread 7"         [_thread_blocked, id=74208, stack(0x0000009bd3800000,0x0000009bd3900000) (1024K)]
  0x0000022fe5bcd620 JavaThread "Execution worker Thread 8"         [_thread_blocked, id=70832, stack(0x0000009bd3900000,0x0000009bd3a00000) (1024K)]
  0x0000022fe5bcc900 JavaThread "Execution worker Thread 9"         [_thread_blocked, id=63896, stack(0x0000009bd3a00000,0x0000009bd3b00000) (1024K)]
  0x0000022fe5bcdcb0 JavaThread "Execution worker Thread 10"        [_thread_blocked, id=34144, stack(0x0000009bd3b00000,0x0000009bd3c00000) (1024K)]
  0x0000022fe5bca830 JavaThread "Execution worker Thread 11"        [_thread_blocked, id=75376, stack(0x0000009bd3c00000,0x0000009bd3d00000) (1024K)]
  0x0000022fe5bcaec0 JavaThread "Execution worker Thread 12"        [_thread_blocked, id=41268, stack(0x0000009bd3d00000,0x0000009bd3e00000) (1024K)]
  0x0000022fe5bcb550 JavaThread "Execution worker Thread 13"        [_thread_blocked, id=66608, stack(0x0000009bd3e00000,0x0000009bd3f00000) (1024K)]
  0x0000022fe5bcbbe0 JavaThread "Execution worker Thread 14"        [_thread_blocked, id=16968, stack(0x0000009bd3f00000,0x0000009bd4000000) (1024K)]
  0x0000022fe269f830 JavaThread "Execution worker Thread 15"        [_thread_blocked, id=74736, stack(0x0000009bd4000000,0x0000009bd4100000) (1024K)]
  0x0000022fe269f1a0 JavaThread "Cache worker for execution history cache (C:\Users\chucy\AndroidStudioProjects\TouchPad\.gradle\8.13\executionHistory)"        [_thread_blocked, id=64236, stack(0x0000009bd4100000,0x0000009bd4200000) (1024K)]
  0x0000022fe269e480 JavaThread "Unconstrained build operations Thread 67"        [_thread_blocked, id=77060, stack(0x0000009bd4200000,0x0000009bd4300000) (1024K)]
  0x0000022fe269d760 JavaThread "Unconstrained build operations Thread 68"        [_thread_blocked, id=71044, stack(0x0000009bd4300000,0x0000009bd4400000) (1024K)]
  0x0000022fe269eb10 JavaThread "Unconstrained build operations Thread 69"        [_thread_blocked, id=11436, stack(0x0000009bd4400000,0x0000009bd4500000) (1024K)]
  0x0000022fe269fec0 JavaThread "Unconstrained build operations Thread 70"        [_thread_blocked, id=64924, stack(0x0000009bd4500000,0x0000009bd4600000) (1024K)]
  0x0000022fe1c9ee20 JavaThread "Unconstrained build operations Thread 71"        [_thread_blocked, id=73608, stack(0x0000009bd4600000,0x0000009bd4700000) (1024K)]
  0x0000022fe1c9f4b0 JavaThread "Unconstrained build operations Thread 72"        [_thread_blocked, id=54336, stack(0x0000009bd4700000,0x0000009bd4800000) (1024K)]
  0x0000022fe5eb0c70 JavaThread "Unconstrained build operations Thread 73"        [_thread_blocked, id=77236, stack(0x0000009bd4800000,0x0000009bd4900000) (1024K)]
  0x0000022fecd2c690 JavaThread "Unconstrained build operations Thread 74"        [_thread_blocked, id=71928, stack(0x0000009bd4900000,0x0000009bd4a00000) (1024K)]
  0x0000022fecd2cd20 JavaThread "Unconstrained build operations Thread 75"        [_thread_blocked, id=77040, stack(0x0000009bd4a00000,0x0000009bd4b00000) (1024K)]
  0x0000022fecd2b970 JavaThread "Unconstrained build operations Thread 76"        [_thread_blocked, id=65996, stack(0x0000009bd4b00000,0x0000009bd4c00000) (1024K)]
  0x0000022fecd2c000 JavaThread "Unconstrained build operations Thread 77"        [_thread_blocked, id=67236, stack(0x0000009bd4c00000,0x0000009bd4d00000) (1024K)]
  0x0000022fecd2da40 JavaThread "Unconstrained build operations Thread 78"        [_thread_blocked, id=64260, stack(0x0000009bd4d00000,0x0000009bd4e00000) (1024K)]
  0x0000022fecd2d3b0 JavaThread "Unconstrained build operations Thread 79"        [_thread_blocked, id=73156, stack(0x0000009bd4e00000,0x0000009bd4f00000) (1024K)]
  0x0000022fecd2e0d0 JavaThread "Unconstrained build operations Thread 80"        [_thread_blocked, id=62468, stack(0x0000009bd4f00000,0x0000009bd5000000) (1024K)]
  0x0000022fecd2ac50 JavaThread "Unconstrained build operations Thread 81"        [_thread_blocked, id=69580, stack(0x0000009bd5000000,0x0000009bd5100000) (1024K)]
  0x0000022fe2e4a520 JavaThread "Unconstrained build operations Thread 82"        [_thread_blocked, id=70304, stack(0x0000009bd5100000,0x0000009bd5200000) (1024K)]
  0x0000022fe2e4bf60 JavaThread "Unconstrained build operations Thread 83"        [_thread_blocked, id=51324, stack(0x0000009bd5200000,0x0000009bd5300000) (1024K)]
  0x0000022fe2e4d9a0 JavaThread "Unconstrained build operations Thread 84"        [_thread_blocked, id=73688, stack(0x0000009bd5300000,0x0000009bd5400000) (1024K)]
  0x0000022fe2e4abb0 JavaThread "Unconstrained build operations Thread 85"        [_thread_blocked, id=73232, stack(0x0000009bd5400000,0x0000009bd5500000) (1024K)]
  0x0000022fe2e4e030 JavaThread "Unconstrained build operations Thread 86"        [_thread_blocked, id=74636, stack(0x0000009bd5500000,0x0000009bd5600000) (1024K)]
  0x0000022fe2e4c5f0 JavaThread "Unconstrained build operations Thread 87"        [_thread_blocked, id=70216, stack(0x0000009bd5600000,0x0000009bd5700000) (1024K)]
  0x0000022fe2e4e6c0 JavaThread "Unconstrained build operations Thread 88"        [_thread_blocked, id=58436, stack(0x0000009bd5700000,0x0000009bd5800000) (1024K)]
  0x0000022fe2e4b240 JavaThread "Unconstrained build operations Thread 89"        [_thread_blocked, id=74484, stack(0x0000009bd5800000,0x0000009bd5900000) (1024K)]
  0x0000022fe2e4ed50 JavaThread "Unconstrained build operations Thread 90"        [_thread_blocked, id=72812, stack(0x0000009bd5900000,0x0000009bd5a00000) (1024K)]
  0x0000022fe2e4b8d0 JavaThread "Unconstrained build operations Thread 91"        [_thread_blocked, id=66052, stack(0x0000009bd5a00000,0x0000009bd5b00000) (1024K)]
  0x0000022fe2e4f3e0 JavaThread "Unconstrained build operations Thread 92"        [_thread_blocked, id=48896, stack(0x0000009bd5b00000,0x0000009bd5c00000) (1024K)]
  0x0000022fe2e4fa70 JavaThread "Unconstrained build operations Thread 93"        [_thread_blocked, id=76360, stack(0x0000009bd5c00000,0x0000009bd5d00000) (1024K)]
  0x0000022fe2e50100 JavaThread "Unconstrained build operations Thread 94"        [_thread_blocked, id=6504, stack(0x0000009bd5d00000,0x0000009bd5e00000) (1024K)]
  0x0000022fe2e50790 JavaThread "Unconstrained build operations Thread 95"        [_thread_blocked, id=72556, stack(0x0000009bd5e00000,0x0000009bd5f00000) (1024K)]
  0x0000022fe2e50e20 JavaThread "Unconstrained build operations Thread 96"        [_thread_blocked, id=75184, stack(0x0000009bd5f00000,0x0000009bd6000000) (1024K)]
  0x0000022fed61f950 JavaThread "Unconstrained build operations Thread 97"        [_thread_blocked, id=44820, stack(0x0000009bd6000000,0x0000009bd6100000) (1024K)]
  0x0000022fed61e5a0 JavaThread "Unconstrained build operations Thread 98"        [_thread_blocked, id=3568, stack(0x0000009bd6100000,0x0000009bd6200000) (1024K)]
  0x0000022fed61ec30 JavaThread "Unconstrained build operations Thread 99"        [_thread_blocked, id=55332, stack(0x0000009bd6200000,0x0000009bd6300000) (1024K)]
  0x0000022fed61ffe0 JavaThread "Unconstrained build operations Thread 100"        [_thread_blocked, id=57932, stack(0x0000009bd6300000,0x0000009bd6400000) (1024K)]
  0x0000022fed61f2c0 JavaThread "Unconstrained build operations Thread 101"        [_thread_blocked, id=72220, stack(0x0000009bd6400000,0x0000009bd6500000) (1024K)]
  0x0000022fed620670 JavaThread "Unconstrained build operations Thread 102"        [_thread_blocked, id=65952, stack(0x0000009bd6500000,0x0000009bd6600000) (1024K)]
  0x0000022fed61df10 JavaThread "Unconstrained build operations Thread 103"        [_thread_blocked, id=64484, stack(0x0000009bd6600000,0x0000009bd6700000) (1024K)]
  0x0000022fed61d880 JavaThread "Unconstrained build operations Thread 104"        [_thread_blocked, id=65028, stack(0x0000009bd6700000,0x0000009bd6800000) (1024K)]
  0x0000022fed622dd0 JavaThread "Unconstrained build operations Thread 105"        [_thread_blocked, id=74424, stack(0x0000009bd6800000,0x0000009bd6900000) (1024K)]
  0x0000022fed621390 JavaThread "Unconstrained build operations Thread 106"        [_thread_blocked, id=29312, stack(0x0000009bd6900000,0x0000009bd6a00000) (1024K)]
  0x0000022fed622740 JavaThread "Unconstrained build operations Thread 107"        [_thread_blocked, id=75512, stack(0x0000009bd6a00000,0x0000009bd6b00000) (1024K)]
  0x0000022fed620d00 JavaThread "Unconstrained build operations Thread 108"        [_thread_blocked, id=59084, stack(0x0000009bd6b00000,0x0000009bd6c00000) (1024K)]
  0x0000022fed623460 JavaThread "Unconstrained build operations Thread 109"        [_thread_blocked, id=45452, stack(0x0000009bd6c00000,0x0000009bd6d00000) (1024K)]
  0x0000022fed624180 JavaThread "Unconstrained build operations Thread 110"        [_thread_blocked, id=61232, stack(0x0000009bd6d00000,0x0000009bd6e00000) (1024K)]
  0x0000022fed6220b0 JavaThread "Unconstrained build operations Thread 111"        [_thread_blocked, id=67600, stack(0x0000009bd6e00000,0x0000009bd6f00000) (1024K)]
  0x0000022fed624ea0 JavaThread "Unconstrained build operations Thread 112"        [_thread_blocked, id=73224, stack(0x0000009bd6f00000,0x0000009bd7000000) (1024K)]
  0x0000022fed621a20 JavaThread "Unconstrained build operations Thread 113"        [_thread_blocked, id=71516, stack(0x0000009bd7000000,0x0000009bd7100000) (1024K)]
  0x0000022fed625530 JavaThread "Unconstrained build operations Thread 114"        [_thread_blocked, id=70396, stack(0x0000009bd7100000,0x0000009bd7200000) (1024K)]
  0x0000022fed629040 JavaThread "Unconstrained build operations Thread 115"        [_thread_blocked, id=63676, stack(0x0000009bd7200000,0x0000009bd7300000) (1024K)]
  0x0000022fed625bc0 JavaThread "Unconstrained build operations Thread 116"        [_thread_blocked, id=76148, stack(0x0000009bd7300000,0x0000009bd7400000) (1024K)]
  0x0000022fed6296d0 JavaThread "Unconstrained build operations Thread 117"        [_thread_blocked, id=74028, stack(0x0000009bd7400000,0x0000009bd7500000) (1024K)]
  0x0000022fed628320 JavaThread "Unconstrained build operations Thread 118"        [_thread_blocked, id=74124, stack(0x0000009bd7500000,0x0000009bd7600000) (1024K)]
  0x0000022fed627c90 JavaThread "Unconstrained build operations Thread 119"        [_thread_blocked, id=31960, stack(0x0000009bd7600000,0x0000009bd7700000) (1024K)]
  0x0000022fed6289b0 JavaThread "Unconstrained build operations Thread 120"        [_thread_blocked, id=73912, stack(0x0000009bd7700000,0x0000009bd7800000) (1024K)]
  0x0000022fed6268e0 JavaThread "Unconstrained build operations Thread 121"        [_thread_blocked, id=52364, stack(0x0000009bd7800000,0x0000009bd7900000) (1024K)]
  0x0000022fed626250 JavaThread "Unconstrained build operations Thread 122"        [_thread_blocked, id=72016, stack(0x0000009bd7900000,0x0000009bd7a00000) (1024K)]
  0x0000022fed62a3f0 JavaThread "Unconstrained build operations Thread 123"        [_thread_blocked, id=76328, stack(0x0000009bd7a00000,0x0000009bd7b00000) (1024K)]
  0x0000022fed629d60 JavaThread "Unconstrained build operations Thread 124"        [_thread_blocked, id=1984, stack(0x0000009bd7b00000,0x0000009bd7c00000) (1024K)]
  0x0000022fed626f70 JavaThread "Unconstrained build operations Thread 125"        [_thread_blocked, id=20876, stack(0x0000009bd7c00000,0x0000009bd7d00000) (1024K)]
  0x0000022fed62aa80 JavaThread "Unconstrained build operations Thread 126"        [_thread_blocked, id=76652, stack(0x0000009bd7d00000,0x0000009bd7e00000) (1024K)]
  0x0000022fed627600 JavaThread "Unconstrained build operations Thread 127"        [_thread_blocked, id=63456, stack(0x0000009bd7e00000,0x0000009bd7f00000) (1024K)]
  0x0000022fed62b7a0 JavaThread "Unconstrained build operations Thread 128"        [_thread_blocked, id=58180, stack(0x0000009bd7f00000,0x0000009bd8000000) (1024K)]
  0x0000022fed62c4c0 JavaThread "Unconstrained build operations Thread 129"        [_thread_blocked, id=37168, stack(0x0000009bd8000000,0x0000009bd8100000) (1024K)]
  0x0000022fed62b110 JavaThread "Unconstrained build operations Thread 130"        [_thread_blocked, id=74308, stack(0x0000009bd8100000,0x0000009bd8200000) (1024K)]
  0x0000022fed62be30 JavaThread "Unconstrained build operations Thread 131"        [_thread_blocked, id=64716, stack(0x0000009bd8200000,0x0000009bd8300000) (1024K)]
  0x0000022fed62cb50 JavaThread "Unconstrained build operations Thread 132"        [_thread_blocked, id=76852, stack(0x0000009bd8300000,0x0000009bd8400000) (1024K)]
  0x0000022fecd2e760 JavaThread "Unconstrained build operations Thread 133"        [_thread_blocked, id=76216, stack(0x0000009bd8400000,0x0000009bd8500000) (1024K)]
  0x0000022fecd2b2e0 JavaThread "Unconstrained build operations Thread 134"        [_thread_blocked, id=77716, stack(0x0000009bd8500000,0x0000009bd8600000) (1024K)]
  0x0000022fecd30830 JavaThread "Unconstrained build operations Thread 135"        [_thread_blocked, id=72784, stack(0x0000009bd8600000,0x0000009bd8700000) (1024K)]
  0x0000022fecd30ec0 JavaThread "Unconstrained build operations Thread 136"        [_thread_blocked, id=65948, stack(0x0000009bd8700000,0x0000009bd8800000) (1024K)]
  0x0000022fecd2fb10 JavaThread "Unconstrained build operations Thread 137"        [_thread_blocked, id=76184, stack(0x0000009bd8800000,0x0000009bd8900000) (1024K)]
  0x0000022fecd2edf0 JavaThread "Unconstrained build operations Thread 138"        [_thread_blocked, id=75216, stack(0x0000009bd8900000,0x0000009bd8a00000) (1024K)]
  0x0000022fecd31be0 JavaThread "Unconstrained build operations Thread 139"        [_thread_blocked, id=76516, stack(0x0000009bd8a00000,0x0000009bd8b00000) (1024K)]
  0x0000022fecd2f480 JavaThread "Unconstrained build operations Thread 140"        [_thread_blocked, id=62660, stack(0x0000009bd8b00000,0x0000009bd8c00000) (1024K)]
  0x0000022fecd32900 JavaThread "Unconstrained build operations Thread 141"        [_thread_blocked, id=70544, stack(0x0000009bd8c00000,0x0000009bd8d00000) (1024K)]
  0x0000022fecd32f90 JavaThread "Unconstrained build operations Thread 142"        [_thread_blocked, id=74904, stack(0x0000009bd8d00000,0x0000009bd8e00000) (1024K)]
  0x0000022fecd32270 JavaThread "Unconstrained build operations Thread 143"        [_thread_blocked, id=72140, stack(0x0000009bd8e00000,0x0000009bd8f00000) (1024K)]
  0x0000022fecd31550 JavaThread "Unconstrained build operations Thread 144"        [_thread_blocked, id=77272, stack(0x0000009bd8f00000,0x0000009bd9000000) (1024K)]
  0x0000022fecd33620 JavaThread "Unconstrained build operations Thread 145"        [_thread_blocked, id=77548, stack(0x0000009bd9000000,0x0000009bd9100000) (1024K)]
  0x0000022fecd301a0 JavaThread "Unconstrained build operations Thread 146"        [_thread_blocked, id=17476, stack(0x0000009bd9100000,0x0000009bd9200000) (1024K)]
  0x0000022fecd34340 JavaThread "Unconstrained build operations Thread 147"        [_thread_blocked, id=20200, stack(0x0000009bd9200000,0x0000009bd9300000) (1024K)]
  0x0000022fecd356f0 JavaThread "Unconstrained build operations Thread 148"        [_thread_blocked, id=77712, stack(0x0000009bd9300000,0x0000009bd9400000) (1024K)]
  0x0000022fecd36aa0 JavaThread "Unconstrained build operations Thread 149"        [_thread_blocked, id=75156, stack(0x0000009bd9400000,0x0000009bd9500000) (1024K)]
  0x0000022fecd33cb0 JavaThread "Unconstrained build operations Thread 150"        [_thread_blocked, id=72300, stack(0x0000009bd9500000,0x0000009bd9600000) (1024K)]
  0x0000022fecd37130 JavaThread "Unconstrained build operations Thread 151"        [_thread_blocked, id=2904, stack(0x0000009bd9600000,0x0000009bd9700000) (1024K)]
  0x0000022fecd35d80 JavaThread "Unconstrained build operations Thread 152"        [_thread_blocked, id=61476, stack(0x0000009bd9700000,0x0000009bd9800000) (1024K)]
  0x0000022fecd37e50 JavaThread "Unconstrained build operations Thread 153"        [_thread_blocked, id=77772, stack(0x0000009bd9a00000,0x0000009bd9b00000) (1024K)]
  0x0000022fecd377c0 JavaThread "Unconstrained build operations Thread 154"        [_thread_blocked, id=74256, stack(0x0000009bd9b00000,0x0000009bd9c00000) (1024K)]
  0x0000022fecd349d0 JavaThread "Unconstrained build operations Thread 155"        [_thread_blocked, id=75008, stack(0x0000009bd9c00000,0x0000009bd9d00000) (1024K)]
  0x0000022fecd35060 JavaThread "Unconstrained build operations Thread 156"        [_thread_blocked, id=75024, stack(0x0000009bd9d00000,0x0000009bd9e00000) (1024K)]
  0x0000022fecd38b70 JavaThread "Unconstrained build operations Thread 157"        [_thread_blocked, id=77692, stack(0x0000009bd9e00000,0x0000009bd9f00000) (1024K)]
  0x0000022fecd39f20 JavaThread "Unconstrained build operations Thread 158"        [_thread_blocked, id=27908, stack(0x0000009bd9f00000,0x0000009bda000000) (1024K)]
  0x0000022fecd384e0 JavaThread "Unconstrained build operations Thread 159"        [_thread_blocked, id=76136, stack(0x0000009bda000000,0x0000009bda100000) (1024K)]
  0x0000022fecd39200 JavaThread "Unconstrained build operations Thread 160"        [_thread_blocked, id=67156, stack(0x0000009bda100000,0x0000009bda200000) (1024K)]
  0x0000022fecd00070 JavaThread "WorkerExecutor Queue"              [_thread_blocked, id=56240, stack(0x0000009bda200000,0x0000009bda300000) (1024K)]
  0x0000022feccf3b90 JavaThread "RMI Scheduler(0)"           daemon [_thread_blocked, id=38540, stack(0x0000009bcb000000,0x0000009bcb100000) (1024K)]
  0x0000022feccf27e0 JavaThread "RMI GC Daemon"              daemon [_thread_blocked, id=72680, stack(0x0000009bd3000000,0x0000009bd3100000) (1024K)]
  0x0000022feccf1ac0 JavaThread "RMI TCP Accept-0"           daemon [_thread_in_native, id=74512, stack(0x0000009bda300000,0x0000009bda400000) (1024K)]
  0x0000022feccf2150 JavaThread "RMI Reaper"                        [_thread_blocked, id=68088, stack(0x0000009bda400000,0x0000009bda500000) (1024K)]
  0x0000022feccf0da0 JavaThread "RMI TCP Connection(1)-127.0.0.1" daemon [_thread_in_native, id=68844, stack(0x0000009bda600000,0x0000009bda700000) (1024K)]
  0x0000022fe16526a0 JavaThread "C2 CompilerThread1"         daemon [_thread_in_native, id=68484, stack(0x0000009bcac00000,0x0000009bcad00000) (1024K)]
  0x0000022feccf2e70 JavaThread "Cache worker for Java compile cache (C:\Users\chucy\.gradle\caches\8.13\javaCompile)"        [_thread_blocked, id=76804, stack(0x0000009bcad00000,0x0000009bcae00000) (1024K)]
  0x0000022feccf9770 JavaThread "Build operations"                  [_thread_blocked, id=71704, stack(0x0000009bcb800000,0x0000009bcb900000) (1024K)]
  0x0000022feccfd280 JavaThread "Build operations Thread 2"         [_thread_blocked, id=68268, stack(0x0000009bd2000000,0x0000009bd2100000) (1024K)]
  0x0000022feccfb1b0 JavaThread "Build operations Thread 3"         [_thread_blocked, id=75344, stack(0x0000009bd2200000,0x0000009bd2300000) (1024K)]
  0x0000022feccfc560 JavaThread "Build operations Thread 4"         [_thread_blocked, id=69972, stack(0x0000009bd2600000,0x0000009bd2700000) (1024K)]
  0x0000022feccfb840 JavaThread "Build operations Thread 5"         [_thread_blocked, id=72296, stack(0x0000009bd2f00000,0x0000009bd3000000) (1024K)]
  0x0000022feccf9e00 JavaThread "Build operations Thread 6"         [_thread_blocked, id=69660, stack(0x0000009bda500000,0x0000009bda600000) (1024K)]
  0x0000022feccfd910 JavaThread "Build operations Thread 7"         [_thread_blocked, id=50760, stack(0x0000009bda700000,0x0000009bda800000) (1024K)]
  0x0000022feccfa490 JavaThread "Build operations Thread 8"         [_thread_blocked, id=77316, stack(0x0000009bda800000,0x0000009bda900000) (1024K)]
  0x0000022feccfab20 JavaThread "Build operations Thread 9"         [_thread_blocked, id=46220, stack(0x0000009bda900000,0x0000009bdaa00000) (1024K)]
  0x0000022feccff350 JavaThread "Build operations Thread 10"        [_thread_blocked, id=71984, stack(0x0000009bdaa00000,0x0000009bdab00000) (1024K)]
  0x0000022feccfe630 JavaThread "Build operations Thread 11"        [_thread_blocked, id=71108, stack(0x0000009bdab00000,0x0000009bdac00000) (1024K)]
  0x0000022fed623af0 JavaThread "Build operations Thread 12"        [_thread_blocked, id=60696, stack(0x0000009bdac00000,0x0000009bdad00000) (1024K)]
  0x0000022fe5bc9b10 JavaThread "Build operations Thread 13"        [_thread_blocked, id=73400, stack(0x0000009bdad00000,0x0000009bdae00000) (1024K)]
  0x0000022fe5bc6d20 JavaThread "Build operations Thread 14"        [_thread_blocked, id=70156, stack(0x0000009bdae00000,0x0000009bdaf00000) (1024K)]
  0x0000022fecd39890 JavaThread "Build operations Thread 15"        [_thread_blocked, id=77008, stack(0x0000009bdaf00000,0x0000009bdb000000) (1024K)]
  0x0000022fe1652d70 JavaThread "C2 CompilerThread2"         daemon [_thread_in_native, id=69932, stack(0x0000009bdb000000,0x0000009bdb100000) (1024K)]
=>0x0000022fe1653b10 JavaThread "C2 CompilerThread3"         daemon [_thread_in_native, id=42668, stack(0x0000009bdb100000,0x0000009bdb200000) (1024K)]
  0x0000022fe1656ac0 JavaThread "C1 CompilerThread1"         daemon [_thread_blocked, id=73368, stack(0x0000009bdb200000,0x0000009bdb300000) (1024K)]
  0x0000022fe1653440 JavaThread "C1 CompilerThread2"         daemon [_thread_in_native, id=62640, stack(0x0000009bdb300000,0x0000009bdb400000) (1024K)]
  0x0000022fdf09ff20 JavaThread "WorkerExecutor Queue Thread 2"        [_thread_blocked, id=16560, stack(0x0000009bdb400000,0x0000009bdb500000) (1024K)]
  0x0000022fdf0a2d10 JavaThread "WorkerExecutor Queue Thread 3"        [_thread_blocked, id=67844, stack(0x0000009bdb500000,0x0000009bdb600000) (1024K)]
  0x0000022fdf0a05b0 JavaThread "WorkerExecutor Queue Thread 4"        [_thread_blocked, id=27568, stack(0x0000009bdb600000,0x0000009bdb700000) (1024K)]
  0x0000022fdf0a33a0 JavaThread "WorkerExecutor Queue Thread 5"        [_thread_blocked, id=73100, stack(0x0000009bdb700000,0x0000009bdb800000) (1024K)]
  0x0000022fdf0a40c0 JavaThread "WorkerExecutor Queue Thread 6"        [_thread_blocked, id=75964, stack(0x0000009bdb800000,0x0000009bdb900000) (1024K)]
  0x0000022fdf0a3a30 JavaThread "WorkerExecutor Queue Thread 7"        [_thread_blocked, id=66460, stack(0x0000009bdb900000,0x0000009bdba00000) (1024K)]
  0x0000022fdf0a0c40 JavaThread "WorkerExecutor Queue Thread 8"        [_thread_in_Java, id=75120, stack(0x0000009bdba00000,0x0000009bdbb00000) (1024K)]
  0x0000022fdf0a7540 JavaThread "WorkerExecutor Queue Thread 9"        [_thread_blocked, id=77640, stack(0x0000009bdbb00000,0x0000009bdbc00000) (1024K)]
  0x0000022fdf0a4de0 JavaThread "WorkerExecutor Queue Thread 10"        [_thread_blocked, id=71296, stack(0x0000009bdbc00000,0x0000009bdbd00000) (1024K)]
  0x0000022fdf0a6820 JavaThread "WorkerExecutor Queue Thread 11"        [_thread_blocked, id=20392, stack(0x0000009bdbd00000,0x0000009bdbe00000) (1024K)]
  0x0000022fdf0a6eb0 JavaThread "WorkerExecutor Queue Thread 12"        [_thread_blocked, id=70616, stack(0x0000009bdbe00000,0x0000009bdbf00000) (1024K)]
  0x0000022fdf0a7bd0 JavaThread "WorkerExecutor Queue Thread 13"        [_thread_blocked, id=68520, stack(0x0000009bdbf00000,0x0000009bdc000000) (1024K)]
  0x0000022fdf0a5470 JavaThread "WorkerExecutor Queue Thread 15"        [_thread_blocked, id=72376, stack(0x0000009bdc100000,0x0000009bdc200000) (1024K)]
  0x0000022fdf0a8260 JavaThread "WorkerExecutor Queue Thread 16"        [_thread_blocked, id=53356, stack(0x0000009bdc200000,0x0000009bdc300000) (1024K)]
  0x0000022fdf0a88f0 JavaThread "WorkerExecutor Queue Thread 17"        [_thread_blocked, id=74936, stack(0x0000009bdc300000,0x0000009bdc400000) (1024K)]
  0x0000022fe47cbdb0 JavaThread "C1 CompilerThread3"         daemon [_thread_blocked, id=76320, stack(0x0000009bdc400000,0x0000009bdc500000) (1024K)]
Total: 273

Other Threads:
  0x0000022fda1efef0 VMThread "VM Thread"                           [id=77460, stack(0x0000009bca200000,0x0000009bca300000) (1024K)]
  0x0000022fda9110a0 WatcherThread "VM Periodic Task Thread"        [id=68804, stack(0x0000009bca100000,0x0000009bca200000) (1024K)]
  0x0000022fc2745760 WorkerThread "GC Thread#0"                     [id=67624, stack(0x0000009bc9c00000,0x0000009bc9d00000) (1024K)]
  0x0000022fdf3bbe60 WorkerThread "GC Thread#1"                     [id=29968, stack(0x0000009bcb400000,0x0000009bcb500000) (1024K)]
  0x0000022fdf3bc200 WorkerThread "GC Thread#2"                     [id=41764, stack(0x0000009bcb500000,0x0000009bcb600000) (1024K)]
  0x0000022fdf4cfd10 WorkerThread "GC Thread#3"                     [id=71412, stack(0x0000009bcb600000,0x0000009bcb700000) (1024K)]
  0x0000022fdf4d00b0 WorkerThread "GC Thread#4"                     [id=73384, stack(0x0000009bcb700000,0x0000009bcb800000) (1024K)]
  0x0000022fe0ab3400 WorkerThread "GC Thread#5"                     [id=73112, stack(0x0000009bcbd00000,0x0000009bcbe00000) (1024K)]
  0x0000022fe0ab37a0 WorkerThread "GC Thread#6"                     [id=17196, stack(0x0000009bcbe00000,0x0000009bcbf00000) (1024K)]
  0x0000022fe0aba450 WorkerThread "GC Thread#7"                     [id=77260, stack(0x0000009bcbf00000,0x0000009bcc000000) (1024K)]
  0x0000022fe0965040 WorkerThread "GC Thread#8"                     [id=76416, stack(0x0000009bcc000000,0x0000009bcc100000) (1024K)]
  0x0000022fe0964ca0 WorkerThread "GC Thread#9"                     [id=60644, stack(0x0000009bcc100000,0x0000009bcc200000) (1024K)]
  0x0000022fe09653e0 WorkerThread "GC Thread#10"                    [id=73324, stack(0x0000009bcc200000,0x0000009bcc300000) (1024K)]
  0x0000022fe0963e20 WorkerThread "GC Thread#11"                    [id=20948, stack(0x0000009bcc300000,0x0000009bcc400000) (1024K)]
  0x0000022fe0963a80 WorkerThread "GC Thread#12"                    [id=4596, stack(0x0000009bcc400000,0x0000009bcc500000) (1024K)]
  0x0000022fc2794cf0 ConcurrentGCThread "G1 Main Marker"            [id=77768, stack(0x0000009bc9d00000,0x0000009bc9e00000) (1024K)]
  0x0000022fc2795f10 WorkerThread "G1 Conc#0"                       [id=69020, stack(0x0000009bc9e00000,0x0000009bc9f00000) (1024K)]
  0x0000022fe09641c0 WorkerThread "G1 Conc#1"                       [id=4628, stack(0x0000009bcca00000,0x0000009bccb00000) (1024K)]
  0x0000022fe0964900 WorkerThread "G1 Conc#2"                       [id=73132, stack(0x0000009bccb00000,0x0000009bccc00000) (1024K)]
  0x0000022fda12ba10 ConcurrentGCThread "G1 Refine#0"               [id=74076, stack(0x0000009bc9f00000,0x0000009bca000000) (1024K)]
  0x0000022fda12c490 ConcurrentGCThread "G1 Service"                [id=70860, stack(0x0000009bca000000,0x0000009bca100000) (1024K)]
Total: 21

Threads with active compile tasks:
C2 CompilerThread0  33692 19217       4       com.android.tools.r8.internal.r32::c (803 bytes)
C2 CompilerThread1  33692 18797       4       com.android.tools.r8.internal.sv2::a (500 bytes)
C2 CompilerThread2  33692 19257       4       com.android.tools.r8.internal.ji1::remove (1708 bytes)
C2 CompilerThread3  33692 18961       4       com.android.tools.r8.internal.x31::b (911 bytes)
C1 CompilerThread2  33692 19442       3       com.android.tools.r8.internal.mg::c (2346 bytes)
Total: 5

VM state: not at safepoint (normal execution)

VM Mutex/Monitor currently owned by a thread: None

Heap address: 0x0000000080000000, size: 2048 MB, Compressed Oops mode: 32-bit

CDS archive(s) not mapped
Compressed class space mapped at: 0x0000000100000000-0x0000000140000000, reserved size: 1073741824
Narrow klass base: 0x0000000000000000, Narrow klass shift: 3, Narrow klass range: 0x140000000

GC Precious Log:
 CardTable entry size: 512
 Card Set container configuration: InlinePtr #cards 5 size 8 Array Of Cards #cards 12 size 40 Howl #buckets 4 coarsen threshold 1843 Howl Bitmap #cards 512 size 80 coarsen threshold 460 Card regions per heap region 1 cards per card region 2048
 CPUs: 16 total, 16 available
 Memory: 15774M
 Large Page Support: Disabled
 NUMA Support: Disabled
 Compressed Oops: Enabled (32-bit)
 Heap Region Size: 1M
 Heap Min Capacity: 8M
 Heap Initial Capacity: 248M
 Heap Max Capacity: 2G
 Pre-touch: Disabled
 Parallel Workers: 13
 Concurrent Workers: 3
 Concurrent Refinement Workers: 13
 Periodic GC: Disabled

Heap:
 garbage-first heap   total 273408K, used 238592K [0x0000000080000000, 0x0000000100000000)
  region size 1024K, 87 young (89088K), 5 survivors (5120K)
 Metaspace       used 145537K, committed 147904K, reserved 1179648K
  class space    used 20891K, committed 22016K, reserved 1048576K

Heap Regions: E=young(eden), S=young(survivor), O=old, HS=humongous(starts), HC=humongous(continues), CS=collection set, F=free, TAMS=top-at-mark-start, PB=parsable bottom
|   0|0x0000000080000000, 0x0000000080100000, 0x0000000080100000|100%|HS|  |TAMS 0x0000000080000000| PB 0x0000000080000000| Complete 
|   1|0x0000000080100000, 0x0000000080200000, 0x0000000080200000|100%|HC|  |TAMS 0x0000000080100000| PB 0x0000000080100000| Complete 
|   2|0x0000000080200000, 0x0000000080300000, 0x0000000080300000|100%|HC|  |TAMS 0x0000000080200000| PB 0x0000000080200000| Complete 
|   3|0x0000000080300000, 0x0000000080400000, 0x0000000080400000|100%| O|  |TAMS 0x0000000080300000| PB 0x0000000080300000| Untracked 
|   4|0x0000000080400000, 0x0000000080500000, 0x0000000080500000|100%| O|  |TAMS 0x0000000080400000| PB 0x0000000080400000| Untracked 
|   5|0x0000000080500000, 0x0000000080600000, 0x0000000080600000|100%| O|  |TAMS 0x0000000080500000| PB 0x0000000080500000| Untracked 
|   6|0x0000000080600000, 0x0000000080700000, 0x0000000080700000|100%|HS|  |TAMS 0x0000000080600000| PB 0x0000000080600000| Complete 
|   7|0x0000000080700000, 0x0000000080800000, 0x0000000080800000|100%| O|  |TAMS 0x0000000080700000| PB 0x0000000080700000| Untracked 
|   8|0x0000000080800000, 0x0000000080900000, 0x0000000080900000|100%| O|  |TAMS 0x0000000080800000| PB 0x0000000080800000| Untracked 
|   9|0x0000000080900000, 0x0000000080a00000, 0x0000000080a00000|100%| O|  |TAMS 0x0000000080900000| PB 0x0000000080900000| Untracked 
|  10|0x0000000080a00000, 0x0000000080b00000, 0x0000000080b00000|100%| O|  |TAMS 0x0000000080a00000| PB 0x0000000080a00000| Untracked 
|  11|0x0000000080b00000, 0x0000000080c00000, 0x0000000080c00000|100%| O|  |TAMS 0x0000000080b00000| PB 0x0000000080b00000| Untracked 
|  12|0x0000000080c00000, 0x0000000080d00000, 0x0000000080d00000|100%| O|  |TAMS 0x0000000080c00000| PB 0x0000000080c00000| Untracked 
|  13|0x0000000080d00000, 0x0000000080e00000, 0x0000000080e00000|100%| O|  |TAMS 0x0000000080d00000| PB 0x0000000080d00000| Untracked 
|  14|0x0000000080e00000, 0x0000000080f00000, 0x0000000080f00000|100%| O|  |TAMS 0x0000000080e00000| PB 0x0000000080e00000| Untracked 
|  15|0x0000000080f00000, 0x0000000081000000, 0x0000000081000000|100%| O|  |TAMS 0x0000000080f00000| PB 0x0000000080f00000| Untracked 
|  16|0x0000000081000000, 0x0000000081100000, 0x0000000081100000|100%| O|  |TAMS 0x0000000081000000| PB 0x0000000081000000| Untracked 
|  17|0x0000000081100000, 0x0000000081200000, 0x0000000081200000|100%| O|  |TAMS 0x0000000081100000| PB 0x0000000081100000| Untracked 
|  18|0x0000000081200000, 0x0000000081300000, 0x0000000081300000|100%| O|  |TAMS 0x0000000081200000| PB 0x0000000081200000| Untracked 
|  19|0x0000000081300000, 0x0000000081400000, 0x0000000081400000|100%| O|  |TAMS 0x0000000081300000| PB 0x0000000081300000| Untracked 
|  20|0x0000000081400000, 0x0000000081500000, 0x0000000081500000|100%| O|  |TAMS 0x0000000081400000| PB 0x0000000081400000| Untracked 
|  21|0x0000000081500000, 0x0000000081600000, 0x0000000081600000|100%| O|  |TAMS 0x0000000081500000| PB 0x0000000081500000| Untracked 
|  22|0x0000000081600000, 0x0000000081700000, 0x0000000081700000|100%| O|  |TAMS 0x0000000081600000| PB 0x0000000081600000| Untracked 
|  23|0x0000000081700000, 0x0000000081800000, 0x0000000081800000|100%| O|  |TAMS 0x0000000081700000| PB 0x0000000081700000| Untracked 
|  24|0x0000000081800000, 0x0000000081900000, 0x0000000081900000|100%| O|  |TAMS 0x0000000081800000| PB 0x0000000081800000| Untracked 
|  25|0x0000000081900000, 0x0000000081a00000, 0x0000000081a00000|100%| O|  |TAMS 0x0000000081900000| PB 0x0000000081900000| Untracked 
|  26|0x0000000081a00000, 0x0000000081b00000, 0x0000000081b00000|100%| O|  |TAMS 0x0000000081a00000| PB 0x0000000081a00000| Untracked 
|  27|0x0000000081b00000, 0x0000000081c00000, 0x0000000081c00000|100%|HS|  |TAMS 0x0000000081b00000| PB 0x0000000081b00000| Complete 
|  28|0x0000000081c00000, 0x0000000081d00000, 0x0000000081d00000|100%|HC|  |TAMS 0x0000000081c00000| PB 0x0000000081c00000| Complete 
|  29|0x0000000081d00000, 0x0000000081e00000, 0x0000000081e00000|100%| O|  |TAMS 0x0000000081d00000| PB 0x0000000081d00000| Untracked 
|  30|0x0000000081e00000, 0x0000000081f00000, 0x0000000081f00000|100%| O|  |TAMS 0x0000000081e00000| PB 0x0000000081e00000| Untracked 
|  31|0x0000000081f00000, 0x0000000082000000, 0x0000000082000000|100%| O|  |TAMS 0x0000000081f00000| PB 0x0000000081f00000| Untracked 
|  32|0x0000000082000000, 0x0000000082100000, 0x0000000082100000|100%| O|  |TAMS 0x0000000082000000| PB 0x0000000082000000| Untracked 
|  33|0x0000000082100000, 0x0000000082200000, 0x0000000082200000|100%| O|  |TAMS 0x0000000082100000| PB 0x0000000082100000| Untracked 
|  34|0x0000000082200000, 0x0000000082300000, 0x0000000082300000|100%| O|  |TAMS 0x0000000082200000| PB 0x0000000082200000| Untracked 
|  35|0x0000000082300000, 0x0000000082400000, 0x0000000082400000|100%| O|  |TAMS 0x0000000082300000| PB 0x0000000082300000| Untracked 
|  36|0x0000000082400000, 0x0000000082500000, 0x0000000082500000|100%| O|  |TAMS 0x0000000082400000| PB 0x0000000082400000| Untracked 
|  37|0x0000000082500000, 0x0000000082600000, 0x0000000082600000|100%| O|  |TAMS 0x0000000082500000| PB 0x0000000082500000| Untracked 
|  38|0x0000000082600000, 0x0000000082700000, 0x0000000082700000|100%| O|  |TAMS 0x0000000082600000| PB 0x0000000082600000| Untracked 
|  39|0x0000000082700000, 0x0000000082800000, 0x0000000082800000|100%| O|  |TAMS 0x0000000082700000| PB 0x0000000082700000| Untracked 
|  40|0x0000000082800000, 0x0000000082900000, 0x0000000082900000|100%| O|  |TAMS 0x0000000082800000| PB 0x0000000082800000| Untracked 
|  41|0x0000000082900000, 0x0000000082a00000, 0x0000000082a00000|100%| O|  |TAMS 0x0000000082900000| PB 0x0000000082900000| Untracked 
|  42|0x0000000082a00000, 0x0000000082b00000, 0x0000000082b00000|100%| O|  |TAMS 0x0000000082a00000| PB 0x0000000082a00000| Untracked 
|  43|0x0000000082b00000, 0x0000000082c00000, 0x0000000082c00000|100%| O|  |TAMS 0x0000000082b00000| PB 0x0000000082b00000| Untracked 
|  44|0x0000000082c00000, 0x0000000082d00000, 0x0000000082d00000|100%| O|  |TAMS 0x0000000082c00000| PB 0x0000000082c00000| Untracked 
|  45|0x0000000082d00000, 0x0000000082e00000, 0x0000000082e00000|100%| O|  |TAMS 0x0000000082d00000| PB 0x0000000082d00000| Untracked 
|  46|0x0000000082e00000, 0x0000000082f00000, 0x0000000082f00000|100%| O|  |TAMS 0x0000000082e00000| PB 0x0000000082e00000| Untracked 
|  47|0x0000000082f00000, 0x0000000083000000, 0x0000000083000000|100%| O|  |TAMS 0x0000000082f00000| PB 0x0000000082f00000| Untracked 
|  48|0x0000000083000000, 0x0000000083100000, 0x0000000083100000|100%| O|  |TAMS 0x0000000083000000| PB 0x0000000083000000| Untracked 
|  49|0x0000000083100000, 0x0000000083200000, 0x0000000083200000|100%| O|  |TAMS 0x0000000083100000| PB 0x0000000083100000| Untracked 
|  50|0x0000000083200000, 0x0000000083300000, 0x0000000083300000|100%| O|  |TAMS 0x0000000083200000| PB 0x0000000083200000| Untracked 
|  51|0x0000000083300000, 0x0000000083400000, 0x0000000083400000|100%| O|  |TAMS 0x0000000083300000| PB 0x0000000083300000| Untracked 
|  52|0x0000000083400000, 0x0000000083400000, 0x0000000083500000|  0%| F|  |TAMS 0x0000000083400000| PB 0x0000000083400000| Untracked 
|  53|0x0000000083500000, 0x0000000083600000, 0x0000000083600000|100%| O|  |TAMS 0x0000000083500000| PB 0x0000000083500000| Untracked 
|  54|0x0000000083600000, 0x0000000083700000, 0x0000000083700000|100%|HS|  |TAMS 0x0000000083600000| PB 0x0000000083600000| Complete 
|  55|0x0000000083700000, 0x0000000083800000, 0x0000000083800000|100%| O|  |TAMS 0x0000000083700000| PB 0x0000000083700000| Untracked 
|  56|0x0000000083800000, 0x0000000083900000, 0x0000000083900000|100%| O|  |TAMS 0x0000000083800000| PB 0x0000000083800000| Untracked 
|  57|0x0000000083900000, 0x0000000083a00000, 0x0000000083a00000|100%| O|  |TAMS 0x0000000083900000| PB 0x0000000083900000| Untracked 
|  58|0x0000000083a00000, 0x0000000083b00000, 0x0000000083b00000|100%|HS|  |TAMS 0x0000000083a00000| PB 0x0000000083a00000| Complete 
|  59|0x0000000083b00000, 0x0000000083b00000, 0x0000000083c00000|  0%| F|  |TAMS 0x0000000083b00000| PB 0x0000000083b00000| Untracked 
|  60|0x0000000083c00000, 0x0000000083d00000, 0x0000000083d00000|100%| O|  |TAMS 0x0000000083c00000| PB 0x0000000083c00000| Untracked 
|  61|0x0000000083d00000, 0x0000000083e00000, 0x0000000083e00000|100%|HS|  |TAMS 0x0000000083d00000| PB 0x0000000083d00000| Complete 
|  62|0x0000000083e00000, 0x0000000083f00000, 0x0000000083f00000|100%|HC|  |TAMS 0x0000000083e00000| PB 0x0000000083e00000| Complete 
|  63|0x0000000083f00000, 0x0000000084000000, 0x0000000084000000|100%|HS|  |TAMS 0x0000000083f00000| PB 0x0000000083f00000| Complete 
|  64|0x0000000084000000, 0x0000000084100000, 0x0000000084100000|100%|HC|  |TAMS 0x0000000084000000| PB 0x0000000084000000| Complete 
|  65|0x0000000084100000, 0x0000000084200000, 0x0000000084200000|100%|HS|  |TAMS 0x0000000084100000| PB 0x0000000084100000| Complete 
|  66|0x0000000084200000, 0x0000000084300000, 0x0000000084300000|100%|HC|  |TAMS 0x0000000084200000| PB 0x0000000084200000| Complete 
|  67|0x0000000084300000, 0x0000000084400000, 0x0000000084400000|100%|HC|  |TAMS 0x0000000084300000| PB 0x0000000084300000| Complete 
|  68|0x0000000084400000, 0x0000000084500000, 0x0000000084500000|100%|HS|  |TAMS 0x0000000084400000| PB 0x0000000084400000| Complete 
|  69|0x0000000084500000, 0x0000000084600000, 0x0000000084600000|100%|HS|  |TAMS 0x0000000084500000| PB 0x0000000084500000| Complete 
|  70|0x0000000084600000, 0x0000000084700000, 0x0000000084700000|100%| O|  |TAMS 0x0000000084600000| PB 0x0000000084600000| Untracked 
|  71|0x0000000084700000, 0x0000000084800000, 0x0000000084800000|100%|HS|  |TAMS 0x0000000084700000| PB 0x0000000084700000| Complete 
|  72|0x0000000084800000, 0x0000000084900000, 0x0000000084900000|100%|HS|  |TAMS 0x0000000084800000| PB 0x0000000084800000| Complete 
|  73|0x0000000084900000, 0x0000000084a00000, 0x0000000084a00000|100%| O|  |TAMS 0x0000000084900000| PB 0x0000000084900000| Untracked 
|  74|0x0000000084a00000, 0x0000000084b00000, 0x0000000084b00000|100%| O|  |TAMS 0x0000000084a00000| PB 0x0000000084a00000| Untracked 
|  75|0x0000000084b00000, 0x0000000084c00000, 0x0000000084c00000|100%| O|  |TAMS 0x0000000084b00000| PB 0x0000000084b00000| Untracked 
|  76|0x0000000084c00000, 0x0000000084d00000, 0x0000000084d00000|100%| O|  |TAMS 0x0000000084c00000| PB 0x0000000084c00000| Untracked 
|  77|0x0000000084d00000, 0x0000000084e00000, 0x0000000084e00000|100%| O|  |TAMS 0x0000000084d00000| PB 0x0000000084d00000| Untracked 
|  78|0x0000000084e00000, 0x0000000084f00000, 0x0000000084f00000|100%|HS|  |TAMS 0x0000000084e00000| PB 0x0000000084e00000| Complete 
|  79|0x0000000084f00000, 0x0000000085000000, 0x0000000085000000|100%| O|  |TAMS 0x0000000084f00000| PB 0x0000000084f00000| Untracked 
|  80|0x0000000085000000, 0x0000000085100000, 0x0000000085100000|100%| O|  |TAMS 0x0000000085000000| PB 0x0000000085000000| Untracked 
|  81|0x0000000085100000, 0x0000000085200000, 0x0000000085200000|100%| O|  |TAMS 0x0000000085100000| PB 0x0000000085100000| Untracked 
|  82|0x0000000085200000, 0x0000000085300000, 0x0000000085300000|100%| O|  |TAMS 0x0000000085200000| PB 0x0000000085200000| Untracked 
|  83|0x0000000085300000, 0x0000000085400000, 0x0000000085400000|100%| O|  |TAMS 0x0000000085300000| PB 0x0000000085300000| Untracked 
|  84|0x0000000085400000, 0x0000000085500000, 0x0000000085500000|100%| O|  |TAMS 0x0000000085400000| PB 0x0000000085400000| Untracked 
|  85|0x0000000085500000, 0x0000000085600000, 0x0000000085600000|100%| O|  |TAMS 0x0000000085500000| PB 0x0000000085500000| Untracked 
|  86|0x0000000085600000, 0x0000000085700000, 0x0000000085700000|100%| O|  |TAMS 0x0000000085600000| PB 0x0000000085600000| Untracked 
|  87|0x0000000085700000, 0x0000000085800000, 0x0000000085800000|100%| O|  |TAMS 0x0000000085700000| PB 0x0000000085700000| Untracked 
|  88|0x0000000085800000, 0x0000000085900000, 0x0000000085900000|100%|HS|  |TAMS 0x0000000085800000| PB 0x0000000085800000| Complete 
|  89|0x0000000085900000, 0x0000000085a00000, 0x0000000085a00000|100%|HC|  |TAMS 0x0000000085900000| PB 0x0000000085900000| Complete 
|  90|0x0000000085a00000, 0x0000000085b00000, 0x0000000085b00000|100%|HC|  |TAMS 0x0000000085a00000| PB 0x0000000085a00000| Complete 
|  91|0x0000000085b00000, 0x0000000085c00000, 0x0000000085c00000|100%| O|  |TAMS 0x0000000085b00000| PB 0x0000000085b00000| Untracked 
|  92|0x0000000085c00000, 0x0000000085d00000, 0x0000000085d00000|100%| O|  |TAMS 0x0000000085c00000| PB 0x0000000085c00000| Untracked 
|  93|0x0000000085d00000, 0x0000000085e00000, 0x0000000085e00000|100%| O|  |TAMS 0x0000000085d00000| PB 0x0000000085d00000| Untracked 
|  94|0x0000000085e00000, 0x0000000085f00000, 0x0000000085f00000|100%| O|  |TAMS 0x0000000085e00000| PB 0x0000000085e00000| Untracked 
|  95|0x0000000085f00000, 0x0000000086000000, 0x0000000086000000|100%| O|  |TAMS 0x0000000085f00000| PB 0x0000000085f00000| Untracked 
|  96|0x0000000086000000, 0x0000000086100000, 0x0000000086100000|100%| O|  |TAMS 0x0000000086000000| PB 0x0000000086000000| Untracked 
|  97|0x0000000086100000, 0x0000000086200000, 0x0000000086200000|100%| O|  |TAMS 0x0000000086100000| PB 0x0000000086100000| Untracked 
|  98|0x0000000086200000, 0x0000000086300000, 0x0000000086300000|100%| O|  |TAMS 0x0000000086200000| PB 0x0000000086200000| Untracked 
|  99|0x0000000086300000, 0x0000000086400000, 0x0000000086400000|100%| O|  |TAMS 0x0000000086300000| PB 0x0000000086300000| Untracked 
| 100|0x0000000086400000, 0x0000000086500000, 0x0000000086500000|100%| O|  |TAMS 0x0000000086400000| PB 0x0000000086400000| Untracked 
| 101|0x0000000086500000, 0x0000000086600000, 0x0000000086600000|100%| O|  |TAMS 0x0000000086500000| PB 0x0000000086500000| Untracked 
| 102|0x0000000086600000, 0x0000000086700000, 0x0000000086700000|100%| O|  |TAMS 0x0000000086600000| PB 0x0000000086600000| Untracked 
| 103|0x0000000086700000, 0x0000000086800000, 0x0000000086800000|100%| O|  |TAMS 0x0000000086700000| PB 0x0000000086700000| Untracked 
| 104|0x0000000086800000, 0x0000000086900000, 0x0000000086900000|100%| O|  |TAMS 0x0000000086800000| PB 0x0000000086800000| Untracked 
| 105|0x0000000086900000, 0x0000000086a00000, 0x0000000086a00000|100%| O|  |TAMS 0x0000000086900000| PB 0x0000000086900000| Untracked 
| 106|0x0000000086a00000, 0x0000000086b00000, 0x0000000086b00000|100%| O|  |TAMS 0x0000000086a00000| PB 0x0000000086a00000| Untracked 
| 107|0x0000000086b00000, 0x0000000086c00000, 0x0000000086c00000|100%| O|  |TAMS 0x0000000086b00000| PB 0x0000000086b00000| Untracked 
| 108|0x0000000086c00000, 0x0000000086d00000, 0x0000000086d00000|100%| O|  |TAMS 0x0000000086c00000| PB 0x0000000086c00000| Untracked 
| 109|0x0000000086d00000, 0x0000000086e00000, 0x0000000086e00000|100%| O|  |TAMS 0x0000000086d00000| PB 0x0000000086d00000| Untracked 
| 110|0x0000000086e00000, 0x0000000086f00000, 0x0000000086f00000|100%| O|  |TAMS 0x0000000086e00000| PB 0x0000000086e00000| Untracked 
| 111|0x0000000086f00000, 0x0000000087000000, 0x0000000087000000|100%| O|  |TAMS 0x0000000086f00000| PB 0x0000000086f00000| Untracked 
| 112|0x0000000087000000, 0x0000000087100000, 0x0000000087100000|100%| O|  |TAMS 0x0000000087000000| PB 0x0000000087000000| Untracked 
| 113|0x0000000087100000, 0x0000000087200000, 0x0000000087200000|100%| O|  |TAMS 0x0000000087100000| PB 0x0000000087100000| Untracked 
| 114|0x0000000087200000, 0x0000000087300000, 0x0000000087300000|100%| O|  |TAMS 0x0000000087200000| PB 0x0000000087200000| Untracked 
| 115|0x0000000087300000, 0x0000000087400000, 0x0000000087400000|100%| O|  |TAMS 0x0000000087300000| PB 0x0000000087300000| Untracked 
| 116|0x0000000087400000, 0x0000000087400000, 0x0000000087500000|  0%| F|  |TAMS 0x0000000087400000| PB 0x0000000087400000| Untracked 
| 117|0x0000000087500000, 0x0000000087600000, 0x0000000087600000|100%| O|  |TAMS 0x0000000087500000| PB 0x0000000087500000| Untracked 
| 118|0x0000000087600000, 0x0000000087700000, 0x0000000087700000|100%| O|  |TAMS 0x0000000087600000| PB 0x0000000087600000| Untracked 
| 119|0x0000000087700000, 0x0000000087800000, 0x0000000087800000|100%| O|  |TAMS 0x0000000087700000| PB 0x0000000087700000| Untracked 
| 120|0x0000000087800000, 0x0000000087900000, 0x0000000087900000|100%| O|  |TAMS 0x0000000087800000| PB 0x0000000087800000| Untracked 
| 121|0x0000000087900000, 0x0000000087a00000, 0x0000000087a00000|100%| O|  |TAMS 0x0000000087900000| PB 0x0000000087900000| Untracked 
| 122|0x0000000087a00000, 0x0000000087b00000, 0x0000000087b00000|100%| O|  |TAMS 0x0000000087a00000| PB 0x0000000087a00000| Untracked 
| 123|0x0000000087b00000, 0x0000000087c00000, 0x0000000087c00000|100%| O|  |TAMS 0x0000000087b00000| PB 0x0000000087b00000| Untracked 
| 124|0x0000000087c00000, 0x0000000087d00000, 0x0000000087d00000|100%| O|  |TAMS 0x0000000087c00000| PB 0x0000000087c00000| Untracked 
| 125|0x0000000087d00000, 0x0000000087d00000, 0x0000000087e00000|  0%| F|  |TAMS 0x0000000087d00000| PB 0x0000000087d00000| Untracked 
| 126|0x0000000087e00000, 0x0000000087f00000, 0x0000000087f00000|100%| O|  |TAMS 0x0000000087e00000| PB 0x0000000087e00000| Untracked 
| 127|0x0000000087f00000, 0x0000000088000000, 0x0000000088000000|100%| O|  |TAMS 0x0000000087f00000| PB 0x0000000087f00000| Untracked 
| 128|0x0000000088000000, 0x0000000088100000, 0x0000000088100000|100%| O|  |TAMS 0x0000000088000000| PB 0x0000000088000000| Untracked 
| 129|0x0000000088100000, 0x0000000088200000, 0x0000000088200000|100%| O|  |TAMS 0x0000000088100000| PB 0x0000000088100000| Untracked 
| 130|0x0000000088200000, 0x0000000088300000, 0x0000000088300000|100%| O|  |TAMS 0x0000000088200000| PB 0x0000000088200000| Untracked 
| 131|0x0000000088300000, 0x0000000088400000, 0x0000000088400000|100%| O|  |TAMS 0x0000000088300000| PB 0x0000000088300000| Untracked 
| 132|0x0000000088400000, 0x0000000088500000, 0x0000000088500000|100%| O|  |TAMS 0x0000000088400000| PB 0x0000000088400000| Untracked 
| 133|0x0000000088500000, 0x0000000088600000, 0x0000000088600000|100%| O|  |TAMS 0x0000000088500000| PB 0x0000000088500000| Untracked 
| 134|0x0000000088600000, 0x0000000088700000, 0x0000000088700000|100%| O|  |TAMS 0x0000000088600000| PB 0x0000000088600000| Untracked 
| 135|0x0000000088700000, 0x0000000088800000, 0x0000000088800000|100%| O|  |TAMS 0x0000000088700000| PB 0x0000000088700000| Untracked 
| 136|0x0000000088800000, 0x0000000088900000, 0x0000000088900000|100%| O|  |TAMS 0x0000000088800000| PB 0x0000000088800000| Untracked 
| 137|0x0000000088900000, 0x0000000088a00000, 0x0000000088a00000|100%| O|  |TAMS 0x0000000088900000| PB 0x0000000088900000| Untracked 
| 138|0x0000000088a00000, 0x0000000088b00000, 0x0000000088b00000|100%| O|  |TAMS 0x0000000088a00000| PB 0x0000000088a00000| Untracked 
| 139|0x0000000088b00000, 0x0000000088c00000, 0x0000000088c00000|100%| O|  |TAMS 0x0000000088b00000| PB 0x0000000088b00000| Untracked 
| 140|0x0000000088c00000, 0x0000000088d00000, 0x0000000088d00000|100%| O|  |TAMS 0x0000000088c00000| PB 0x0000000088c00000| Untracked 
| 141|0x0000000088d00000, 0x0000000088d00000, 0x0000000088e00000|  0%| F|  |TAMS 0x0000000088d00000| PB 0x0000000088d00000| Untracked 
| 142|0x0000000088e00000, 0x0000000088e00000, 0x0000000088f00000|  0%| F|  |TAMS 0x0000000088e00000| PB 0x0000000088e00000| Untracked 
| 143|0x0000000088f00000, 0x0000000088f00000, 0x0000000089000000|  0%| F|  |TAMS 0x0000000088f00000| PB 0x0000000088f00000| Untracked 
| 144|0x0000000089000000, 0x0000000089000000, 0x0000000089100000|  0%| F|  |TAMS 0x0000000089000000| PB 0x0000000089000000| Untracked 
| 145|0x0000000089100000, 0x0000000089100000, 0x0000000089200000|  0%| F|  |TAMS 0x0000000089100000| PB 0x0000000089100000| Untracked 
| 146|0x0000000089200000, 0x0000000089200000, 0x0000000089300000|  0%| F|  |TAMS 0x0000000089200000| PB 0x0000000089200000| Untracked 
| 147|0x0000000089300000, 0x0000000089300000, 0x0000000089400000|  0%| F|  |TAMS 0x0000000089300000| PB 0x0000000089300000| Untracked 
| 148|0x0000000089400000, 0x0000000089400000, 0x0000000089500000|  0%| F|  |TAMS 0x0000000089400000| PB 0x0000000089400000| Untracked 
| 149|0x0000000089500000, 0x0000000089500000, 0x0000000089600000|  0%| F|  |TAMS 0x0000000089500000| PB 0x0000000089500000| Untracked 
| 150|0x0000000089600000, 0x0000000089600000, 0x0000000089700000|  0%| F|  |TAMS 0x0000000089600000| PB 0x0000000089600000| Untracked 
| 151|0x0000000089700000, 0x0000000089700000, 0x0000000089800000|  0%| F|  |TAMS 0x0000000089700000| PB 0x0000000089700000| Untracked 
| 152|0x0000000089800000, 0x0000000089800000, 0x0000000089900000|  0%| F|  |TAMS 0x0000000089800000| PB 0x0000000089800000| Untracked 
| 153|0x0000000089900000, 0x0000000089900000, 0x0000000089a00000|  0%| F|  |TAMS 0x0000000089900000| PB 0x0000000089900000| Untracked 
| 154|0x0000000089a00000, 0x0000000089a00000, 0x0000000089b00000|  0%| F|  |TAMS 0x0000000089a00000| PB 0x0000000089a00000| Untracked 
| 155|0x0000000089b00000, 0x0000000089c00000, 0x0000000089c00000|100%| O|  |TAMS 0x0000000089b00000| PB 0x0000000089b00000| Untracked 
| 156|0x0000000089c00000, 0x0000000089d00000, 0x0000000089d00000|100%| O|  |TAMS 0x0000000089c00000| PB 0x0000000089c00000| Untracked 
| 157|0x0000000089d00000, 0x0000000089e00000, 0x0000000089e00000|100%| O|  |TAMS 0x0000000089d00000| PB 0x0000000089d00000| Untracked 
| 158|0x0000000089e00000, 0x0000000089f00000, 0x0000000089f00000|100%| O|  |TAMS 0x0000000089e00000| PB 0x0000000089e00000| Untracked 
| 159|0x0000000089f00000, 0x000000008a000000, 0x000000008a000000|100%| O|  |TAMS 0x0000000089f00000| PB 0x0000000089f00000| Untracked 
| 160|0x000000008a000000, 0x000000008a100000, 0x000000008a100000|100%| O|  |TAMS 0x000000008a000000| PB 0x000000008a000000| Untracked 
| 161|0x000000008a100000, 0x000000008a200000, 0x000000008a200000|100%| O|  |TAMS 0x000000008a100000| PB 0x000000008a100000| Untracked 
| 162|0x000000008a200000, 0x000000008a300000, 0x000000008a300000|100%| O|  |TAMS 0x000000008a200000| PB 0x000000008a200000| Untracked 
| 163|0x000000008a300000, 0x000000008a400000, 0x000000008a400000|100%| O|  |TAMS 0x000000008a300000| PB 0x000000008a300000| Untracked 
| 164|0x000000008a400000, 0x000000008a500000, 0x000000008a500000|100%| O|  |TAMS 0x000000008a400000| PB 0x000000008a400000| Untracked 
| 165|0x000000008a500000, 0x000000008a600000, 0x000000008a600000|100%| O|  |TAMS 0x000000008a500000| PB 0x000000008a500000| Untracked 
| 166|0x000000008a600000, 0x000000008a677280, 0x000000008a700000| 46%| O|  |TAMS 0x000000008a600000| PB 0x000000008a600000| Untracked 
| 167|0x000000008a700000, 0x000000008a700000, 0x000000008a800000|  0%| F|  |TAMS 0x000000008a700000| PB 0x000000008a700000| Untracked 
| 168|0x000000008a800000, 0x000000008a800000, 0x000000008a900000|  0%| F|  |TAMS 0x000000008a800000| PB 0x000000008a800000| Untracked 
| 169|0x000000008a900000, 0x000000008a900000, 0x000000008aa00000|  0%| F|  |TAMS 0x000000008a900000| PB 0x000000008a900000| Untracked 
| 170|0x000000008aa00000, 0x000000008aa00000, 0x000000008ab00000|  0%| F|  |TAMS 0x000000008aa00000| PB 0x000000008aa00000| Untracked 
| 171|0x000000008ab00000, 0x000000008ab00000, 0x000000008ac00000|  0%| F|  |TAMS 0x000000008ab00000| PB 0x000000008ab00000| Untracked 
| 172|0x000000008ac00000, 0x000000008ac00000, 0x000000008ad00000|  0%| F|  |TAMS 0x000000008ac00000| PB 0x000000008ac00000| Untracked 
| 173|0x000000008ad00000, 0x000000008ad00000, 0x000000008ae00000|  0%| F|  |TAMS 0x000000008ad00000| PB 0x000000008ad00000| Untracked 
| 174|0x000000008ae00000, 0x000000008ae890b8, 0x000000008af00000| 53%| S|CS|TAMS 0x000000008ae00000| PB 0x000000008ae00000| Complete 
| 175|0x000000008af00000, 0x000000008b000000, 0x000000008b000000|100%| S|CS|TAMS 0x000000008af00000| PB 0x000000008af00000| Complete 
| 176|0x000000008b000000, 0x000000008b100000, 0x000000008b100000|100%| S|CS|TAMS 0x000000008b000000| PB 0x000000008b000000| Complete 
| 177|0x000000008b100000, 0x000000008b200000, 0x000000008b200000|100%| S|CS|TAMS 0x000000008b100000| PB 0x000000008b100000| Complete 
| 178|0x000000008b200000, 0x000000008b300000, 0x000000008b300000|100%| S|CS|TAMS 0x000000008b200000| PB 0x000000008b200000| Complete 
| 179|0x000000008b300000, 0x000000008b300000, 0x000000008b400000|  0%| F|  |TAMS 0x000000008b300000| PB 0x000000008b300000| Untracked 
| 180|0x000000008b400000, 0x000000008b400000, 0x000000008b500000|  0%| F|  |TAMS 0x000000008b400000| PB 0x000000008b400000| Untracked 
| 181|0x000000008b500000, 0x000000008b500000, 0x000000008b600000|  0%| F|  |TAMS 0x000000008b500000| PB 0x000000008b500000| Untracked 
| 182|0x000000008b600000, 0x000000008b600000, 0x000000008b700000|  0%| F|  |TAMS 0x000000008b600000| PB 0x000000008b600000| Untracked 
| 183|0x000000008b700000, 0x000000008b700000, 0x000000008b800000|  0%| F|  |TAMS 0x000000008b700000| PB 0x000000008b700000| Untracked 
| 184|0x000000008b800000, 0x000000008b8c0b90, 0x000000008b900000| 75%| E|  |TAMS 0x000000008b800000| PB 0x000000008b800000| Complete 
| 185|0x000000008b900000, 0x000000008ba00000, 0x000000008ba00000|100%| E|CS|TAMS 0x000000008b900000| PB 0x000000008b900000| Complete 
| 186|0x000000008ba00000, 0x000000008bb00000, 0x000000008bb00000|100%| E|CS|TAMS 0x000000008ba00000| PB 0x000000008ba00000| Complete 
| 187|0x000000008bb00000, 0x000000008bc00000, 0x000000008bc00000|100%| E|CS|TAMS 0x000000008bb00000| PB 0x000000008bb00000| Complete 
| 188|0x000000008bc00000, 0x000000008bd00000, 0x000000008bd00000|100%| E|CS|TAMS 0x000000008bc00000| PB 0x000000008bc00000| Complete 
| 189|0x000000008bd00000, 0x000000008be00000, 0x000000008be00000|100%| E|CS|TAMS 0x000000008bd00000| PB 0x000000008bd00000| Complete 
| 190|0x000000008be00000, 0x000000008bf00000, 0x000000008bf00000|100%| E|CS|TAMS 0x000000008be00000| PB 0x000000008be00000| Complete 
| 191|0x000000008bf00000, 0x000000008c000000, 0x000000008c000000|100%| E|CS|TAMS 0x000000008bf00000| PB 0x000000008bf00000| Complete 
| 192|0x000000008c000000, 0x000000008c100000, 0x000000008c100000|100%| E|CS|TAMS 0x000000008c000000| PB 0x000000008c000000| Complete 
| 193|0x000000008c100000, 0x000000008c200000, 0x000000008c200000|100%| E|CS|TAMS 0x000000008c100000| PB 0x000000008c100000| Complete 
| 194|0x000000008c200000, 0x000000008c300000, 0x000000008c300000|100%| E|CS|TAMS 0x000000008c200000| PB 0x000000008c200000| Complete 
| 195|0x000000008c300000, 0x000000008c400000, 0x000000008c400000|100%| E|CS|TAMS 0x000000008c300000| PB 0x000000008c300000| Complete 
| 196|0x000000008c400000, 0x000000008c500000, 0x000000008c500000|100%| E|CS|TAMS 0x000000008c400000| PB 0x000000008c400000| Complete 
| 197|0x000000008c500000, 0x000000008c600000, 0x000000008c600000|100%| E|CS|TAMS 0x000000008c500000| PB 0x000000008c500000| Complete 
| 198|0x000000008c600000, 0x000000008c700000, 0x000000008c700000|100%| E|CS|TAMS 0x000000008c600000| PB 0x000000008c600000| Complete 
| 199|0x000000008c700000, 0x000000008c800000, 0x000000008c800000|100%| E|CS|TAMS 0x000000008c700000| PB 0x000000008c700000| Complete 
| 200|0x000000008c800000, 0x000000008c900000, 0x000000008c900000|100%| E|CS|TAMS 0x000000008c800000| PB 0x000000008c800000| Complete 
| 201|0x000000008c900000, 0x000000008ca00000, 0x000000008ca00000|100%| E|CS|TAMS 0x000000008c900000| PB 0x000000008c900000| Complete 
| 202|0x000000008ca00000, 0x000000008cb00000, 0x000000008cb00000|100%| E|CS|TAMS 0x000000008ca00000| PB 0x000000008ca00000| Complete 
| 203|0x000000008cb00000, 0x000000008cc00000, 0x000000008cc00000|100%| E|CS|TAMS 0x000000008cb00000| PB 0x000000008cb00000| Complete 
| 204|0x000000008cc00000, 0x000000008cd00000, 0x000000008cd00000|100%| E|CS|TAMS 0x000000008cc00000| PB 0x000000008cc00000| Complete 
| 205|0x000000008cd00000, 0x000000008ce00000, 0x000000008ce00000|100%| E|CS|TAMS 0x000000008cd00000| PB 0x000000008cd00000| Complete 
| 206|0x000000008ce00000, 0x000000008cf00000, 0x000000008cf00000|100%| E|CS|TAMS 0x000000008ce00000| PB 0x000000008ce00000| Complete 
| 207|0x000000008cf00000, 0x000000008d000000, 0x000000008d000000|100%| E|CS|TAMS 0x000000008cf00000| PB 0x000000008cf00000| Complete 
| 208|0x000000008d000000, 0x000000008d100000, 0x000000008d100000|100%| E|CS|TAMS 0x000000008d000000| PB 0x000000008d000000| Complete 
| 209|0x000000008d100000, 0x000000008d200000, 0x000000008d200000|100%| E|CS|TAMS 0x000000008d100000| PB 0x000000008d100000| Complete 
| 210|0x000000008d200000, 0x000000008d300000, 0x000000008d300000|100%| E|  |TAMS 0x000000008d200000| PB 0x000000008d200000| Complete 
| 211|0x000000008d300000, 0x000000008d400000, 0x000000008d400000|100%| E|CS|TAMS 0x000000008d300000| PB 0x000000008d300000| Complete 
| 212|0x000000008d400000, 0x000000008d500000, 0x000000008d500000|100%| E|CS|TAMS 0x000000008d400000| PB 0x000000008d400000| Complete 
| 213|0x000000008d500000, 0x000000008d600000, 0x000000008d600000|100%| E|CS|TAMS 0x000000008d500000| PB 0x000000008d500000| Complete 
| 214|0x000000008d600000, 0x000000008d700000, 0x000000008d700000|100%| E|CS|TAMS 0x000000008d600000| PB 0x000000008d600000| Complete 
| 215|0x000000008d700000, 0x000000008d800000, 0x000000008d800000|100%| E|CS|TAMS 0x000000008d700000| PB 0x000000008d700000| Complete 
| 216|0x000000008d800000, 0x000000008d900000, 0x000000008d900000|100%| E|CS|TAMS 0x000000008d800000| PB 0x000000008d800000| Complete 
| 217|0x000000008d900000, 0x000000008da00000, 0x000000008da00000|100%| E|CS|TAMS 0x000000008d900000| PB 0x000000008d900000| Complete 
| 218|0x000000008da00000, 0x000000008db00000, 0x000000008db00000|100%| E|CS|TAMS 0x000000008da00000| PB 0x000000008da00000| Complete 
| 219|0x000000008db00000, 0x000000008dc00000, 0x000000008dc00000|100%| E|CS|TAMS 0x000000008db00000| PB 0x000000008db00000| Complete 
| 220|0x000000008dc00000, 0x000000008dd00000, 0x000000008dd00000|100%| E|CS|TAMS 0x000000008dc00000| PB 0x000000008dc00000| Complete 
| 221|0x000000008dd00000, 0x000000008de00000, 0x000000008de00000|100%| E|CS|TAMS 0x000000008dd00000| PB 0x000000008dd00000| Complete 
| 222|0x000000008de00000, 0x000000008df00000, 0x000000008df00000|100%| E|CS|TAMS 0x000000008de00000| PB 0x000000008de00000| Complete 
| 223|0x000000008df00000, 0x000000008e000000, 0x000000008e000000|100%| E|CS|TAMS 0x000000008df00000| PB 0x000000008df00000| Complete 
| 224|0x000000008e000000, 0x000000008e100000, 0x000000008e100000|100%| E|CS|TAMS 0x000000008e000000| PB 0x000000008e000000| Complete 
| 225|0x000000008e100000, 0x000000008e200000, 0x000000008e200000|100%| E|CS|TAMS 0x000000008e100000| PB 0x000000008e100000| Complete 
| 226|0x000000008e200000, 0x000000008e300000, 0x000000008e300000|100%| E|CS|TAMS 0x000000008e200000| PB 0x000000008e200000| Complete 
| 227|0x000000008e300000, 0x000000008e400000, 0x000000008e400000|100%| E|CS|TAMS 0x000000008e300000| PB 0x000000008e300000| Complete 
| 228|0x000000008e400000, 0x000000008e500000, 0x000000008e500000|100%| E|CS|TAMS 0x000000008e400000| PB 0x000000008e400000| Complete 
| 229|0x000000008e500000, 0x000000008e600000, 0x000000008e600000|100%| E|CS|TAMS 0x000000008e500000| PB 0x000000008e500000| Complete 
| 230|0x000000008e600000, 0x000000008e700000, 0x000000008e700000|100%| E|CS|TAMS 0x000000008e600000| PB 0x000000008e600000| Complete 
| 231|0x000000008e700000, 0x000000008e800000, 0x000000008e800000|100%| E|CS|TAMS 0x000000008e700000| PB 0x000000008e700000| Complete 
| 232|0x000000008e800000, 0x000000008e900000, 0x000000008e900000|100%| E|CS|TAMS 0x000000008e800000| PB 0x000000008e800000| Complete 
| 233|0x000000008e900000, 0x000000008ea00000, 0x000000008ea00000|100%| E|CS|TAMS 0x000000008e900000| PB 0x000000008e900000| Complete 
| 234|0x000000008ea00000, 0x000000008eb00000, 0x000000008eb00000|100%| E|CS|TAMS 0x000000008ea00000| PB 0x000000008ea00000| Complete 
| 235|0x000000008eb00000, 0x000000008ec00000, 0x000000008ec00000|100%| E|CS|TAMS 0x000000008eb00000| PB 0x000000008eb00000| Complete 
| 236|0x000000008ec00000, 0x000000008ed00000, 0x000000008ed00000|100%| E|CS|TAMS 0x000000008ec00000| PB 0x000000008ec00000| Complete 
| 237|0x000000008ed00000, 0x000000008ee00000, 0x000000008ee00000|100%| E|CS|TAMS 0x000000008ed00000| PB 0x000000008ed00000| Complete 
| 238|0x000000008ee00000, 0x000000008ef00000, 0x000000008ef00000|100%| E|CS|TAMS 0x000000008ee00000| PB 0x000000008ee00000| Complete 
| 239|0x000000008ef00000, 0x000000008f000000, 0x000000008f000000|100%| E|CS|TAMS 0x000000008ef00000| PB 0x000000008ef00000| Complete 
| 240|0x000000008f000000, 0x000000008f100000, 0x000000008f100000|100%| E|CS|TAMS 0x000000008f000000| PB 0x000000008f000000| Complete 
| 241|0x000000008f100000, 0x000000008f200000, 0x000000008f200000|100%| E|CS|TAMS 0x000000008f100000| PB 0x000000008f100000| Complete 
| 242|0x000000008f200000, 0x000000008f300000, 0x000000008f300000|100%| E|CS|TAMS 0x000000008f200000| PB 0x000000008f200000| Complete 
| 243|0x000000008f300000, 0x000000008f400000, 0x000000008f400000|100%| E|CS|TAMS 0x000000008f300000| PB 0x000000008f300000| Complete 
| 244|0x000000008f400000, 0x000000008f500000, 0x000000008f500000|100%| E|CS|TAMS 0x000000008f400000| PB 0x000000008f400000| Complete 
| 245|0x000000008f500000, 0x000000008f600000, 0x000000008f600000|100%| E|CS|TAMS 0x000000008f500000| PB 0x000000008f500000| Complete 
| 246|0x000000008f600000, 0x000000008f700000, 0x000000008f700000|100%| E|CS|TAMS 0x000000008f600000| PB 0x000000008f600000| Complete 
| 247|0x000000008f700000, 0x000000008f800000, 0x000000008f800000|100%| E|CS|TAMS 0x000000008f700000| PB 0x000000008f700000| Complete 
| 248|0x000000008f800000, 0x000000008f900000, 0x000000008f900000|100%| E|CS|TAMS 0x000000008f800000| PB 0x000000008f800000| Complete 
| 249|0x000000008f900000, 0x000000008fa00000, 0x000000008fa00000|100%| E|CS|TAMS 0x000000008f900000| PB 0x000000008f900000| Complete 
| 250|0x000000008fa00000, 0x000000008fb00000, 0x000000008fb00000|100%| E|CS|TAMS 0x000000008fa00000| PB 0x000000008fa00000| Complete 
| 251|0x000000008fb00000, 0x000000008fc00000, 0x000000008fc00000|100%| E|CS|TAMS 0x000000008fb00000| PB 0x000000008fb00000| Complete 
| 252|0x000000008fc00000, 0x000000008fd00000, 0x000000008fd00000|100%| E|CS|TAMS 0x000000008fc00000| PB 0x000000008fc00000| Complete 
| 253|0x000000008fd00000, 0x000000008fe00000, 0x000000008fe00000|100%| E|CS|TAMS 0x000000008fd00000| PB 0x000000008fd00000| Complete 
| 254|0x000000008fe00000, 0x000000008ff00000, 0x000000008ff00000|100%| E|CS|TAMS 0x000000008fe00000| PB 0x000000008fe00000| Complete 
| 255|0x000000008ff00000, 0x0000000090000000, 0x0000000090000000|100%| E|CS|TAMS 0x000000008ff00000| PB 0x000000008ff00000| Complete 
| 256|0x0000000090000000, 0x0000000090100000, 0x0000000090100000|100%| E|CS|TAMS 0x0000000090000000| PB 0x0000000090000000| Complete 
| 257|0x0000000090100000, 0x0000000090200000, 0x0000000090200000|100%| E|CS|TAMS 0x0000000090100000| PB 0x0000000090100000| Complete 
| 258|0x0000000090200000, 0x0000000090300000, 0x0000000090300000|100%| E|CS|TAMS 0x0000000090200000| PB 0x0000000090200000| Complete 
| 259|0x0000000090300000, 0x0000000090400000, 0x0000000090400000|100%| E|CS|TAMS 0x0000000090300000| PB 0x0000000090300000| Complete 
| 260|0x0000000090400000, 0x0000000090500000, 0x0000000090500000|100%| E|CS|TAMS 0x0000000090400000| PB 0x0000000090400000| Complete 
| 261|0x0000000090500000, 0x0000000090600000, 0x0000000090600000|100%| E|CS|TAMS 0x0000000090500000| PB 0x0000000090500000| Complete 
| 262|0x0000000090600000, 0x0000000090700000, 0x0000000090700000|100%| E|CS|TAMS 0x0000000090600000| PB 0x0000000090600000| Complete 
| 263|0x0000000090700000, 0x0000000090800000, 0x0000000090800000|100%| E|CS|TAMS 0x0000000090700000| PB 0x0000000090700000| Complete 
|2045|0x00000000ffd00000, 0x00000000ffe00000, 0x00000000ffe00000|100%| E|CS|TAMS 0x00000000ffd00000| PB 0x00000000ffd00000| Complete 
|2046|0x00000000ffe00000, 0x00000000fff00000, 0x00000000fff00000|100%| E|CS|TAMS 0x00000000ffe00000| PB 0x00000000ffe00000| Complete 
|2047|0x00000000fff00000, 0x0000000100000000, 0x0000000100000000|100%| E|CS|TAMS 0x00000000fff00000| PB 0x00000000fff00000| Complete 

Card table byte_map: [0x0000022fd54c0000,0x0000022fd58c0000] _byte_map_base: 0x0000022fd50c0000

Marking Bits: (CMBitMap*) 0x0000022fc2745d70
 Bits: [0x0000022fd58c0000, 0x0000022fd78c0000)

Polling page: 0x0000022fc0310000

Metaspace:

Usage:
  Non-class:    121.73 MB used.
      Class:     20.40 MB used.
       Both:    142.14 MB used.

Virtual space:
  Non-class space:      128.00 MB reserved,     122.94 MB ( 96%) committed,  2 nodes.
      Class space:        1.00 GB reserved,      21.56 MB (  2%) committed,  1 nodes.
             Both:        1.12 GB reserved,     144.50 MB ( 13%) committed. 

Chunk freelists:
   Non-Class:  4.88 MB
       Class:  10.37 MB
        Both:  15.25 MB

MaxMetaspaceSize: unlimited
CompressedClassSpaceSize: 1.00 GB
Initial GC threshold: 21.00 MB
Current GC threshold: 208.75 MB
CDS: off
 - commit_granule_bytes: 65536.
 - commit_granule_words: 8192.
 - virtual_space_node_default_size: 8388608.
 - enlarge_chunks_in_place: 1.
 - use_allocation_guard: 0.


Internal statistics:

num_allocs_failed_limit: 9.
num_arena_births: 4748.
num_arena_deaths: 0.
num_vsnodes_births: 3.
num_vsnodes_deaths: 0.
num_space_committed: 2311.
num_space_uncommitted: 0.
num_chunks_returned_to_freelist: 9.
num_chunks_taken_from_freelist: 10999.
num_chunk_merges: 9.
num_chunk_splits: 7226.
num_chunks_enlarged: 4586.
num_inconsistent_stats: 0.

CodeHeap 'non-profiled nmethods': size=119168Kb used=10766Kb max_used=10766Kb free=108401Kb
 bounds [0x0000022fcd3d0000, 0x0000022fcde60000, 0x0000022fd4830000]
CodeHeap 'profiled nmethods': size=119104Kb used=32029Kb max_used=32029Kb free=87074Kb
 bounds [0x0000022fc5830000, 0x0000022fc7780000, 0x0000022fccc80000]
CodeHeap 'non-nmethods': size=7488Kb used=4686Kb max_used=4717Kb free=2801Kb
 bounds [0x0000022fccc80000, 0x0000022fcd130000, 0x0000022fcd3d0000]
CodeCache: size=245760Kb, used=47481Kb, max_used=47512Kb, free=198276Kb
 total_blobs=17621, nmethods=16535, adapters=984, full_count=0
Compilation: enabled, stopped_count=0, restarted_count=0

Compilation events (20 events):
Event: 31.675 Thread 0x0000022fe47cbdb0 nmethod 19409 0x0000022fc772c010 code [0x0000022fc772c1e0, 0x0000022fc772c680]
Event: 31.675 Thread 0x0000022fdaa16540 nmethod 19411 0x0000022fc772c790 code [0x0000022fc772c940, 0x0000022fc772cab0]
Event: 31.675 Thread 0x0000022fdaa16540 19412       3       com.android.tools.r8.internal.tl::<init> (15 bytes)
Event: 31.675 Thread 0x0000022fe1653440 19413       3       com.android.tools.r8.graph.l6::size (6 bytes)
Event: 31.675 Thread 0x0000022fdaa16540 nmethod 19412 0x0000022fc772cb90 code [0x0000022fc772cd40, 0x0000022fc772cf68]
Event: 31.675 Thread 0x0000022fe1653440 nmethod 19413 0x0000022fc772d090 code [0x0000022fc772d220, 0x0000022fc772d338]
Event: 31.676 Thread 0x0000022fe1653440 19414       3       com.android.tools.r8.internal.dy::b (47 bytes)
Event: 31.676 Thread 0x0000022fdaa16540 19415       3       com.android.tools.r8.internal.dy::c (47 bytes)
Event: 31.676 Thread 0x0000022fe47cbdb0 19416       3       com.android.tools.r8.internal.nl::l (2 bytes)
Event: 31.676 Thread 0x0000022fe1653440 nmethod 19414 0x0000022fc772d410 code [0x0000022fc772d600, 0x0000022fc772daa8]
Event: 31.676 Thread 0x0000022fe47cbdb0 nmethod 19416 0x0000022fc772dc90 code [0x0000022fc772de20, 0x0000022fc772df30]
Event: 31.676 Thread 0x0000022fdaa16540 nmethod 19415 0x0000022fc772e010 code [0x0000022fc772e200, 0x0000022fc772e6a8]
Event: 31.676 Thread 0x0000022fdaa16540 19417       3       com.android.tools.r8.internal.mk$$Lambda/0x00000001014d8000::<init> (20 bytes)
Event: 31.676 Thread 0x0000022fdaa16540 nmethod 19417 0x0000022fc772e890 code [0x0000022fc772ea40, 0x0000022fc772ecc0]
Event: 31.678 Thread 0x0000022fdaa16540 19418       3       com.android.tools.r8.internal.ne1::d (37 bytes)
Event: 31.678 Thread 0x0000022fdaa16540 nmethod 19418 0x0000022fc772ed90 code [0x0000022fc772ef40, 0x0000022fc772f158]
Event: 31.679 Thread 0x0000022fdaa16540 19419       3       com.android.tools.r8.internal.mn::a (37 bytes)
Event: 31.679 Thread 0x0000022fdaa16540 nmethod 19419 0x0000022fc772f210 code [0x0000022fc772f3c0, 0x0000022fc772f510]
Event: 31.681 Thread 0x0000022fe1653440 19421       3       com.android.tools.r8.internal.u31::<init> (23 bytes)
Event: 31.681 Thread 0x0000022fe1653440 nmethod 19421 0x0000022fc772f610 code [0x0000022fc772f7c0, 0x0000022fc772f988]

GC Heap History (20 events):
Event: 16.318 GC heap before
{Heap before GC invocations=48 (full 0):
 garbage-first heap   total 202752K, used 182110K [0x0000000080000000, 0x0000000100000000)
  region size 1024K, 63 young (64512K), 9 survivors (9216K)
 Metaspace       used 118697K, committed 120960K, reserved 1179648K
  class space    used 16785K, committed 17920K, reserved 1048576K
}
Event: 16.324 GC heap after
{Heap after GC invocations=49 (full 0):
 garbage-first heap   total 202752K, used 129603K [0x0000000080000000, 0x0000000100000000)
  region size 1024K, 5 young (5120K), 5 survivors (5120K)
 Metaspace       used 118697K, committed 120960K, reserved 1179648K
  class space    used 16785K, committed 17920K, reserved 1048576K
}
Event: 16.566 GC heap before
{Heap before GC invocations=50 (full 0):
 garbage-first heap   total 219136K, used 182851K [0x0000000080000000, 0x0000000100000000)
  region size 1024K, 58 young (59392K), 5 survivors (5120K)
 Metaspace       used 119163K, committed 121408K, reserved 1179648K
  class space    used 16887K, committed 17984K, reserved 1048576K
}
Event: 16.570 GC heap after
{Heap after GC invocations=51 (full 0):
 garbage-first heap   total 219136K, used 131387K [0x0000000080000000, 0x0000000100000000)
  region size 1024K, 7 young (7168K), 7 survivors (7168K)
 Metaspace       used 119163K, committed 121408K, reserved 1179648K
  class space    used 16887K, committed 17984K, reserved 1048576K
}
Event: 16.884 GC heap before
{Heap before GC invocations=51 (full 0):
 garbage-first heap   total 219136K, used 195899K [0x0000000080000000, 0x0000000100000000)
  region size 1024K, 71 young (72704K), 7 survivors (7168K)
 Metaspace       used 119367K, committed 121664K, reserved 1179648K
  class space    used 16909K, committed 18048K, reserved 1048576K
}
Event: 16.889 GC heap after
{Heap after GC invocations=52 (full 0):
 garbage-first heap   total 219136K, used 132555K [0x0000000080000000, 0x0000000100000000)
  region size 1024K, 6 young (6144K), 6 survivors (6144K)
 Metaspace       used 119367K, committed 121664K, reserved 1179648K
  class space    used 16909K, committed 18048K, reserved 1048576K
}
Event: 17.195 GC heap before
{Heap before GC invocations=52 (full 0):
 garbage-first heap   total 219136K, used 198091K [0x0000000080000000, 0x0000000100000000)
  region size 1024K, 71 young (72704K), 6 survivors (6144K)
 Metaspace       used 119687K, committed 121920K, reserved 1179648K
  class space    used 16945K, committed 18048K, reserved 1048576K
}
Event: 17.199 GC heap after
{Heap after GC invocations=53 (full 0):
 garbage-first heap   total 219136K, used 135434K [0x0000000080000000, 0x0000000100000000)
  region size 1024K, 6 young (6144K), 6 survivors (6144K)
 Metaspace       used 119687K, committed 121920K, reserved 1179648K
  class space    used 16945K, committed 18048K, reserved 1048576K
}
Event: 17.670 GC heap before
{Heap before GC invocations=54 (full 0):
 garbage-first heap   total 227328K, used 198922K [0x0000000080000000, 0x0000000100000000)
  region size 1024K, 69 young (70656K), 6 survivors (6144K)
 Metaspace       used 122931K, committed 125248K, reserved 1179648K
  class space    used 17348K, committed 18496K, reserved 1048576K
}
Event: 17.675 GC heap after
{Heap after GC invocations=55 (full 0):
 garbage-first heap   total 227328K, used 139551K [0x0000000080000000, 0x0000000100000000)
  region size 1024K, 8 young (8192K), 8 survivors (8192K)
 Metaspace       used 122931K, committed 125248K, reserved 1179648K
  class space    used 17348K, committed 18496K, reserved 1048576K
}
Event: 17.819 GC heap before
{Heap before GC invocations=55 (full 0):
 garbage-first heap   total 227328K, used 204063K [0x0000000080000000, 0x0000000100000000)
  region size 1024K, 72 young (73728K), 8 survivors (8192K)
 Metaspace       used 123173K, committed 125504K, reserved 1179648K
  class space    used 17401K, committed 18560K, reserved 1048576K
}
Event: 17.824 GC heap after
{Heap after GC invocations=56 (full 0):
 garbage-first heap   total 227328K, used 140641K [0x0000000080000000, 0x0000000100000000)
  region size 1024K, 5 young (5120K), 5 survivors (5120K)
 Metaspace       used 123173K, committed 125504K, reserved 1179648K
  class space    used 17401K, committed 18560K, reserved 1048576K
}
Event: 27.672 GC heap before
{Heap before GC invocations=56 (full 0):
 garbage-first heap   total 227328K, used 181601K [0x0000000080000000, 0x0000000100000000)
  region size 1024K, 47 young (48128K), 5 survivors (5120K)
 Metaspace       used 124706K, committed 127040K, reserved 1179648K
  class space    used 17653K, committed 18816K, reserved 1048576K
}
Event: 27.677 GC heap after
{Heap after GC invocations=57 (full 0):
 garbage-first heap   total 273408K, used 142910K [0x0000000080000000, 0x0000000100000000)
  region size 1024K, 7 young (7168K), 7 survivors (7168K)
 Metaspace       used 124706K, committed 127040K, reserved 1179648K
  class space    used 17653K, committed 18816K, reserved 1048576K
}
Event: 27.679 GC heap before
{Heap before GC invocations=57 (full 0):
 garbage-first heap   total 273408K, used 143934K [0x0000000080000000, 0x0000000100000000)
  region size 1024K, 8 young (8192K), 7 survivors (7168K)
 Metaspace       used 124709K, committed 127040K, reserved 1179648K
  class space    used 17654K, committed 18816K, reserved 1048576K
}
Event: 27.682 GC heap after
{Heap after GC invocations=58 (full 0):
 garbage-first heap   total 273408K, used 143226K [0x0000000080000000, 0x0000000100000000)
  region size 1024K, 7 young (7168K), 7 survivors (7168K)
 Metaspace       used 124709K, committed 127040K, reserved 1179648K
  class space    used 17654K, committed 18816K, reserved 1048576K
}
Event: 29.714 GC heap before
{Heap before GC invocations=59 (full 0):
 garbage-first heap   total 273408K, used 253818K [0x0000000080000000, 0x0000000100000000)
  region size 1024K, 112 young (114688K), 7 survivors (7168K)
 Metaspace       used 129537K, committed 131840K, reserved 1179648K
  class space    used 18243K, committed 19392K, reserved 1048576K
}
Event: 29.722 GC heap after
{Heap after GC invocations=60 (full 0):
 garbage-first heap   total 273408K, used 152409K [0x0000000080000000, 0x0000000100000000)
  region size 1024K, 14 young (14336K), 14 survivors (14336K)
 Metaspace       used 129537K, committed 131840K, reserved 1179648K
  class space    used 18243K, committed 19392K, reserved 1048576K
}
Event: 30.352 GC heap before
{Heap before GC invocations=60 (full 0):
 garbage-first heap   total 273408K, used 241497K [0x0000000080000000, 0x0000000100000000)
  region size 1024K, 102 young (104448K), 14 survivors (14336K)
 Metaspace       used 141414K, committed 143744K, reserved 1179648K
  class space    used 20246K, committed 21376K, reserved 1048576K
}
Event: 30.361 GC heap after
{Heap after GC invocations=61 (full 0):
 garbage-first heap   total 273408K, used 156672K [0x0000000080000000, 0x0000000100000000)
  region size 1024K, 5 young (5120K), 5 survivors (5120K)
 Metaspace       used 141414K, committed 143744K, reserved 1179648K
  class space    used 20246K, committed 21376K, reserved 1048576K
}

Dll operation events (3 events):
Event: 0.020 Loaded shared library C:\Program Files\Android\Android Studio1\jbr\bin\java.dll
Event: 0.029 Loaded shared library C:\Program Files\Android\Android Studio1\jbr\bin\zip.dll
Event: 0.723 Loaded shared library C:\Program Files\Android\Android Studio1\jbr\bin\verify.dll

Deoptimization events (20 events):
Event: 31.646 Thread 0x0000022fdf0a0c40 Uncommon trap: trap_request=0xffffff45 fr.pc=0x0000022fcddfec2c relative=0x000000000000008c
Event: 31.646 Thread 0x0000022fdf0a0c40 Uncommon trap: reason=unstable_if action=reinterpret pc=0x0000022fcddfec2c method=com.android.tools.r8.internal.za1.j(I)Lcom/android/tools/r8/internal/wa1; @ 48 c2
Event: 31.646 Thread 0x0000022fdf0a0c40 DEOPT PACKING pc=0x0000022fcddfec2c sp=0x0000009bdbafc970
Event: 31.646 Thread 0x0000022fdf0a0c40 DEOPT UNPACKING pc=0x0000022fcccd46a2 sp=0x0000009bdbafc8f0 mode 2
Event: 31.667 Thread 0x0000022fdf0a0c40 Uncommon trap: trap_request=0xffffff45 fr.pc=0x0000022fcddec92c relative=0x00000000000004ac
Event: 31.667 Thread 0x0000022fdf0a0c40 Uncommon trap: reason=unstable_if action=reinterpret pc=0x0000022fcddec92c method=com.android.tools.r8.internal.bg1.a(ILjava/lang/Object;)Ljava/lang/Object; @ 8 c2
Event: 31.667 Thread 0x0000022fdf0a0c40 DEOPT PACKING pc=0x0000022fcddec92c sp=0x0000009bdbafc880
Event: 31.667 Thread 0x0000022fdf0a0c40 DEOPT UNPACKING pc=0x0000022fcccd46a2 sp=0x0000009bdbafc830 mode 2
Event: 31.672 Thread 0x0000022fdf0a0c40 Uncommon trap: trap_request=0xffffff6e fr.pc=0x0000022fcde4f768 relative=0x0000000000002568
Event: 31.672 Thread 0x0000022fdf0a0c40 Uncommon trap: reason=loop_limit_check action=maybe_recompile pc=0x0000022fcde4f768 method=com.android.tools.r8.internal.ji1.add(I)Z @ 808 c2
Event: 31.672 Thread 0x0000022fdf0a0c40 DEOPT PACKING pc=0x0000022fcde4f768 sp=0x0000009bdbafc510
Event: 31.673 Thread 0x0000022fdf0a0c40 DEOPT UNPACKING pc=0x0000022fcccd46a2 sp=0x0000009bdbafc4d8 mode 2
Event: 31.679 Thread 0x0000022fdf0a0c40 DEOPT PACKING pc=0x0000022fc75fc45e sp=0x0000009bdbafc940
Event: 31.679 Thread 0x0000022fdf0a0c40 DEOPT UNPACKING pc=0x0000022fcccd4e42 sp=0x0000009bdbafbe28 mode 0
Event: 31.680 Thread 0x0000022fdf0a0c40 DEOPT PACKING pc=0x0000022fc75fc45e sp=0x0000009bdbafc890
Event: 31.680 Thread 0x0000022fdf0a0c40 DEOPT UNPACKING pc=0x0000022fcccd4e42 sp=0x0000009bdbafbd78 mode 0
Event: 31.680 Thread 0x0000022fdf0a0c40 DEOPT PACKING pc=0x0000022fc75fc45e sp=0x0000009bdbafc4a0
Event: 31.680 Thread 0x0000022fdf0a0c40 DEOPT UNPACKING pc=0x0000022fcccd4e42 sp=0x0000009bdbafb988 mode 0
Event: 31.681 Thread 0x0000022fdf0a0c40 DEOPT PACKING pc=0x0000022fc75fc45e sp=0x0000009bdbafc890
Event: 31.681 Thread 0x0000022fdf0a0c40 DEOPT UNPACKING pc=0x0000022fcccd4e42 sp=0x0000009bdbafbd78 mode 0

Classes loaded (20 events):
Event: 30.274 Loading class java/util/stream/SliceOps
Event: 30.274 Loading class java/util/stream/SliceOps done
Event: 30.274 Loading class java/util/stream/SliceOps$1
Event: 30.275 Loading class java/util/stream/SliceOps$1 done
Event: 30.277 Loading class java/util/stream/SliceOps$1$1
Event: 30.277 Loading class java/util/stream/SliceOps$1$1 done
Event: 30.423 Loading class java/util/IdentityHashMap$ValueIterator
Event: 30.423 Loading class java/util/IdentityHashMap$ValueIterator done
Event: 30.530 Loading class java/nio/ShortBuffer
Event: 30.531 Loading class java/nio/ShortBuffer done
Event: 30.550 Loading class java/nio/ByteBufferAsShortBufferL
Event: 30.550 Loading class java/util/concurrent/ConcurrentHashMap$TreeNode
Event: 30.550 Loading class java/util/concurrent/ConcurrentHashMap$TreeNode done
Event: 30.550 Loading class java/nio/ByteBufferAsShortBufferL done
Event: 30.550 Loading class java/util/concurrent/ConcurrentHashMap$TreeBin
Event: 30.551 Loading class java/util/concurrent/ConcurrentHashMap$TreeBin done
Event: 30.561 Loading class java/util/zip/Adler32
Event: 30.561 Loading class java/util/zip/Adler32 done
Event: 30.573 Loading class sun/nio/ch/ChannelOutputStream
Event: 30.573 Loading class sun/nio/ch/ChannelOutputStream done

Classes unloaded (0 events):
No events

Classes redefined (0 events):
No events

Internal exceptions (20 events):
Event: 30.304 Thread 0x0000022fdf0a0c40 Exception <a 'java/lang/NoSuchMethodError'{0x000000008bb53a18}: 'int java.lang.invoke.DirectMethodHandle$Holder.invokeSpecial(java.lang.Object, java.lang.Object, java.lang.Object, int, java.lang.Object)'> (0x000000008bb53a18) 
thrown [s\src\hotspot\share\interpreter\linkResolver.cpp, line 784]
Event: 30.304 Thread 0x0000022fdf0a2d10 Exception <a 'java/lang/NoSuchMethodError'{0x000000008bcf0c30}: 'int java.lang.invoke.DirectMethodHandle$Holder.invokeSpecial(java.lang.Object, java.lang.Object, java.lang.Object, int, java.lang.Object)'> (0x000000008bcf0c30) 
thrown [s\src\hotspot\share\interpreter\linkResolver.cpp, line 784]
Event: 30.304 Thread 0x0000022fdf0a40c0 Exception <a 'java/lang/NoSuchMethodError'{0x000000008bb5de58}: 'int java.lang.invoke.DirectMethodHandle$Holder.invokeSpecial(java.lang.Object, java.lang.Object, java.lang.Object, int, java.lang.Object)'> (0x000000008bb5de58) 
thrown [s\src\hotspot\share\interpreter\linkResolver.cpp, line 784]
Event: 30.304 Thread 0x0000022fdf0a33a0 Exception <a 'java/lang/NoSuchMethodError'{0x000000008bcd13a8}: 'int java.lang.invoke.DirectMethodHandle$Holder.invokeSpecial(java.lang.Object, java.lang.Object, java.lang.Object, int, java.lang.Object)'> (0x000000008bcd13a8) 
thrown [s\src\hotspot\share\interpreter\linkResolver.cpp, line 784]
Event: 30.304 Thread 0x0000022fdf0a3a30 Exception <a 'java/lang/NoSuchMethodError'{0x000000008bb35930}: 'int java.lang.invoke.DirectMethodHandle$Holder.invokeSpecial(java.lang.Object, java.lang.Object, java.lang.Object, int, java.lang.Object)'> (0x000000008bb35930) 
thrown [s\src\hotspot\share\interpreter\linkResolver.cpp, line 784]
Event: 30.382 Thread 0x0000022fdf0a33a0 Exception <a 'java/lang/NoSuchMethodError'{0x00000000906961b0}: 'int java.lang.invoke.DirectMethodHandle$Holder.invokeInterface(java.lang.Object, java.lang.Object, int)'> (0x00000000906961b0) 
thrown [s\src\hotspot\share\interpreter\linkResolver.cpp, line 784]
Event: 30.397 Thread 0x0000022fdf0a33a0 Exception <a 'java/lang/NoSuchMethodError'{0x0000000090354c70}: 'void java.lang.invoke.DirectMethodHandle$Holder.invokeStatic(java.lang.Object, int)'> (0x0000000090354c70) 
thrown [s\src\hotspot\share\interpreter\linkResolver.cpp, line 784]
Event: 30.420 Thread 0x0000022fdf0a3a30 Exception <a 'java/lang/NoSuchMethodError'{0x000000008fd67ef8}: 'void java.lang.invoke.DirectMethodHandle$Holder.invokeSpecial(java.lang.Object, java.lang.Object, java.lang.Object, int, java.lang.Object, java.lang.Object, java.lang.Object, java.lang.Object)'> (0x000000008fd67ef8) 
thrown [s\src\hotspot\share\interpreter\linkResolver.cpp, line 784]
Event: 30.420 Thread 0x0000022fdf0a2d10 Exception <a 'java/lang/NoSuchMethodError'{0x00000000900f1be8}: 'void java.lang.invoke.DirectMethodHandle$Holder.invokeSpecial(java.lang.Object, java.lang.Object, java.lang.Object, int, java.lang.Object, java.lang.Object, java.lang.Object, java.lang.Object)'> (0x00000000900f1be8) 
thrown [s\src\hotspot\share\interpreter\linkResolver.cpp, line 784]
Event: 30.422 Thread 0x0000022fdf0a2d10 Exception <a 'java/lang/NoSuchMethodError'{0x000000008fdbb350}: 'void java.lang.invoke.DirectMethodHandle$Holder.invokeStatic(java.lang.Object, java.lang.Object, java.lang.Object, java.lang.Object, java.lang.Object, java.lang.Object, java.lang.Object, java.lang.Object)'> (0x000000008fdbb350) 
thrown [s\src\hotspot\share\interpreter\linkResolver.cpp, line 784]
Event: 30.422 Thread 0x0000022fdf0a3a30 Exception <a 'java/lang/NoSuchMethodError'{0x000000008fc058f8}: 'void java.lang.invoke.DirectMethodHandle$Holder.invokeStatic(java.lang.Object, java.lang.Object, java.lang.Object, java.lang.Object, java.lang.Object, java.lang.Object, java.lang.Object, java.lang.Object)'> (0x000000008fc058f8) 
thrown [s\src\hotspot\share\interpreter\linkResolver.cpp, line 784]
Event: 30.445 Thread 0x0000022fdf0a0c40 Exception <a 'java/lang/IncompatibleClassChangeError'{0x000000008f8d3c48}: Found class java.lang.Object, but interface was expected> (0x000000008f8d3c48) 
thrown [s\src\hotspot\share\interpreter\linkResolver.cpp, line 851]
Event: 30.568 Thread 0x0000022fdf0a2d10 Exception <a 'sun/nio/fs/WindowsException'{0x000000008d69d0b0}> (0x000000008d69d0b0) 
thrown [s\src\hotspot\share\prims\jni.cpp, line 537]
Event: 30.568 Thread 0x0000022fdf0a40c0 Exception <a 'sun/nio/fs/WindowsException'{0x000000008d54b478}> (0x000000008d54b478) 
thrown [s\src\hotspot\share\prims\jni.cpp, line 537]
Event: 30.568 Thread 0x0000022fdf0a3a30 Exception <a 'sun/nio/fs/WindowsException'{0x000000008d5993f8}> (0x000000008d5993f8) 
thrown [s\src\hotspot\share\prims\jni.cpp, line 537]
Event: 30.569 Thread 0x0000022fdf0a33a0 Exception <a 'sun/nio/fs/WindowsException'{0x000000008d6c2688}> (0x000000008d6c2688) 
thrown [s\src\hotspot\share\prims\jni.cpp, line 537]
Event: 30.576 Thread 0x0000022fdf0a33a0 Exception <a 'sun/nio/fs/WindowsException'{0x000000008d3c8e78}> (0x000000008d3c8e78) 
thrown [s\src\hotspot\share\prims\jni.cpp, line 537]
Event: 30.576 Thread 0x0000022fdf0a40c0 Exception <a 'sun/nio/fs/WindowsException'{0x000000008d553f78}> (0x000000008d553f78) 
thrown [s\src\hotspot\share\prims\jni.cpp, line 537]
Event: 30.579 Thread 0x0000022fdf0a40c0 Exception <a 'sun/nio/fs/WindowsException'{0x000000008d0f6080}> (0x000000008d0f6080) 
thrown [s\src\hotspot\share\prims\jni.cpp, line 537]
Event: 30.582 Thread 0x0000022fdf0a40c0 Exception <a 'sun/nio/fs/WindowsException'{0x000000008d0fd7a8}> (0x000000008d0fd7a8) 
thrown [s\src\hotspot\share\prims\jni.cpp, line 537]

ZGC Phase Switch (0 events):
No events

VM Operations (20 events):
Event: 30.402 Executing VM operation: HandshakeAllThreads (Deoptimize)
Event: 30.403 Executing VM operation: HandshakeAllThreads (Deoptimize) done
Event: 30.410 Executing VM operation: HandshakeAllThreads (Deoptimize)
Event: 30.411 Executing VM operation: HandshakeAllThreads (Deoptimize) done
Event: 30.444 Executing VM operation: ICBufferFull
Event: 30.444 Executing VM operation: ICBufferFull done
Event: 30.475 Executing VM operation: HandshakeAllThreads (Deoptimize)
Event: 30.476 Executing VM operation: HandshakeAllThreads (Deoptimize) done
Event: 30.477 Executing VM operation: ICBufferFull
Event: 30.477 Executing VM operation: ICBufferFull done
Event: 30.516 Executing VM operation: HandshakeAllThreads (Deoptimize)
Event: 30.517 Executing VM operation: HandshakeAllThreads (Deoptimize) done
Event: 30.526 Executing VM operation: ICBufferFull
Event: 30.527 Executing VM operation: ICBufferFull done
Event: 30.564 Executing VM operation: HandshakeAllThreads (Deoptimize)
Event: 30.565 Executing VM operation: HandshakeAllThreads (Deoptimize) done
Event: 30.599 Executing VM operation: ICBufferFull
Event: 30.599 Executing VM operation: ICBufferFull done
Event: 31.599 Executing VM operation: Cleanup
Event: 31.632 Executing VM operation: Cleanup done

Memory protections (0 events):
No events

Nmethod flushes (20 events):
Event: 27.742 Thread 0x0000022fda1efef0 flushing  nmethod 0x0000022fc643ba10
Event: 27.742 Thread 0x0000022fda1efef0 flushing  nmethod 0x0000022fc69fd490
Event: 27.742 Thread 0x0000022fda1efef0 flushing  nmethod 0x0000022fc69fdd90
Event: 27.742 Thread 0x0000022fda1efef0 flushing  nmethod 0x0000022fc69ff090
Event: 27.742 Thread 0x0000022fda1efef0 flushing  nmethod 0x0000022fc6a0f890
Event: 27.742 Thread 0x0000022fda1efef0 flushing  nmethod 0x0000022fc7037590
Event: 27.742 Thread 0x0000022fda1efef0 flushing  nmethod 0x0000022fcd81b010
Event: 27.742 Thread 0x0000022fda1efef0 flushing  nmethod 0x0000022fcdb4e090
Event: 27.742 Thread 0x0000022fda1efef0 flushing  nmethod 0x0000022fcdc38910
Event: 27.742 Thread 0x0000022fda1efef0 flushing  nmethod 0x0000022fc5cea610
Event: 27.742 Thread 0x0000022fda1efef0 flushing  nmethod 0x0000022fc6311810
Event: 27.742 Thread 0x0000022fda1efef0 flushing  nmethod 0x0000022fc6312110
Event: 27.742 Thread 0x0000022fda1efef0 flushing  nmethod 0x0000022fc6314a10
Event: 27.742 Thread 0x0000022fda1efef0 flushing  nmethod 0x0000022fc65ebf90
Event: 27.742 Thread 0x0000022fda1efef0 flushing  nmethod 0x0000022fc65ece90
Event: 27.742 Thread 0x0000022fda1efef0 flushing  nmethod 0x0000022fc6696b10
Event: 27.742 Thread 0x0000022fda1efef0 flushing  nmethod 0x0000022fc6bcc010
Event: 27.742 Thread 0x0000022fda1efef0 flushing  nmethod 0x0000022fc7027010
Event: 27.742 Thread 0x0000022fda1efef0 flushing  nmethod 0x0000022fc702a990
Event: 27.742 Thread 0x0000022fda1efef0 flushing  nmethod 0x0000022fc702bf10

Events (20 events):
Event: 29.078 Thread 0x0000022fdaa16540 Thread added: 0x0000022fe1653440
Event: 29.411 Thread 0x0000022fe5bcdcb0 Thread added: 0x0000022fdf09ff20
Event: 29.412 Thread 0x0000022fe5bcdcb0 Thread added: 0x0000022fdf0a2d10
Event: 29.413 Thread 0x0000022fe5bcdcb0 Thread added: 0x0000022fdf0a05b0
Event: 29.414 Thread 0x0000022fe5bcdcb0 Thread added: 0x0000022fdf0a33a0
Event: 29.415 Thread 0x0000022fe5bcdcb0 Thread added: 0x0000022fdf0a40c0
Event: 29.416 Thread 0x0000022fe5bcdcb0 Thread added: 0x0000022fdf0a3a30
Event: 29.416 Thread 0x0000022fe5bcdcb0 Thread added: 0x0000022fdf0a0c40
Event: 29.417 Thread 0x0000022fe5bcdcb0 Thread added: 0x0000022fdf0a7540
Event: 29.452 Thread 0x0000022fe5bcdcb0 Thread added: 0x0000022fdf0a4de0
Event: 29.455 Thread 0x0000022fe5bcdcb0 Thread added: 0x0000022fdf0a6820
Event: 29.456 Thread 0x0000022fe5bcdcb0 Thread added: 0x0000022fdf0a6eb0
Event: 29.460 Thread 0x0000022fe5bcdcb0 Thread added: 0x0000022fdf0a7bd0
Event: 29.463 Thread 0x0000022fe5bcdcb0 Thread added: 0x0000022fdf0a4750
Event: 29.464 Thread 0x0000022fe5bcdcb0 Thread added: 0x0000022fdf0a5470
Event: 29.467 Thread 0x0000022fe5bcdcb0 Thread added: 0x0000022fdf0a8260
Event: 29.468 Thread 0x0000022fe5bcdcb0 Thread added: 0x0000022fdf0a88f0
Event: 30.342 Thread 0x0000022fdaa119b0 Thread added: 0x0000022fe47cbdb0
Event: 31.631 Thread 0x0000022fe642e200 Thread exited: 0x0000022fe642e200
Event: 31.632 Thread 0x0000022fdf0a4750 Thread exited: 0x0000022fdf0a4750


Dynamic libraries:
0x00007ff7aa980000 - 0x00007ff7aa98a000 	C:\Program Files\Android\Android Studio1\jbr\bin\java.exe
0x00007ffafed20000 - 0x00007ffafef87000 	C:\WINDOWS\SYSTEM32\ntdll.dll
0x00007ffafcea0000 - 0x00007ffafcf69000 	C:\WINDOWS\System32\KERNEL32.DLL
0x00007ffafc060000 - 0x00007ffafc44f000 	C:\WINDOWS\System32\KERNELBASE.dll
0x00007ffaf7f60000 - 0x00007ffaf7fff000 	C:\WINDOWS\SYSTEM32\apphelp.dll
0x00007ffafc680000 - 0x00007ffafc7cb000 	C:\WINDOWS\System32\ucrtbase.dll
0x00007ffaec6f0000 - 0x00007ffaec70b000 	C:\Program Files\Android\Android Studio1\jbr\bin\VCRUNTIME140.dll
0x00007ffae91e0000 - 0x00007ffae91f8000 	C:\Program Files\Android\Android Studio1\jbr\bin\jli.dll
0x00007ffafda70000 - 0x00007ffafdc37000 	C:\WINDOWS\System32\USER32.dll
0x00007ffad9780000 - 0x00007ffad9a13000 	C:\WINDOWS\WinSxS\amd64_microsoft.windows.common-controls_6595b64144ccf1df_6.0.26100.7070_none_3e0dce64e32f6a09\COMCTL32.dll
0x00007ffafca90000 - 0x00007ffafcab7000 	C:\WINDOWS\System32\win32u.dll
0x00007ffafd810000 - 0x00007ffafd8b9000 	C:\WINDOWS\System32\msvcrt.dll
0x00007ffafcb50000 - 0x00007ffafcb7b000 	C:\WINDOWS\System32\GDI32.dll
0x00007ffafbe70000 - 0x00007ffafbf9c000 	C:\WINDOWS\System32\gdi32full.dll
0x00007ffafc950000 - 0x00007ffafc9f3000 	C:\WINDOWS\System32\msvcp_win.dll
0x00007ffafcb10000 - 0x00007ffafcb41000 	C:\WINDOWS\System32\IMM32.DLL
0x00007ffaf9100000 - 0x00007ffaf910c000 	C:\Program Files\Android\Android Studio1\jbr\bin\vcruntime140_1.dll
0x00007ffad0870000 - 0x00007ffad08fd000 	C:\Program Files\Android\Android Studio1\jbr\bin\msvcp140.dll
0x00007ffa9e940000 - 0x00007ffa9f5d6000 	C:\Program Files\Android\Android Studio1\jbr\bin\server\jvm.dll
0x00007ffafd9a0000 - 0x00007ffafda54000 	C:\WINDOWS\System32\ADVAPI32.dll
0x00007ffafebf0000 - 0x00007ffafec96000 	C:\WINDOWS\System32\sechost.dll
0x00007ffafdfb0000 - 0x00007ffafe0c8000 	C:\WINDOWS\System32\RPCRT4.dll
0x00007ffafdf30000 - 0x00007ffafdfa4000 	C:\WINDOWS\System32\WS2_32.dll
0x00007ffafaa50000 - 0x00007ffafaaae000 	C:\WINDOWS\SYSTEM32\POWRPROF.dll
0x00007ffaf3240000 - 0x00007ffaf3275000 	C:\WINDOWS\SYSTEM32\WINMM.dll
0x00007ffaf4800000 - 0x00007ffaf480b000 	C:\WINDOWS\SYSTEM32\VERSION.dll
0x00007ffafaa30000 - 0x00007ffafaa44000 	C:\WINDOWS\SYSTEM32\UMPDC.dll
0x00007ffafad10000 - 0x00007ffafad2b000 	C:\WINDOWS\SYSTEM32\kernel.appcore.dll
0x00007ffaee740000 - 0x00007ffaee74a000 	C:\Program Files\Android\Android Studio1\jbr\bin\jimage.dll
0x00007ffaf9250000 - 0x00007ffaf9492000 	C:\WINDOWS\SYSTEM32\DBGHELP.DLL
0x00007ffafcf70000 - 0x00007ffafd2f7000 	C:\WINDOWS\System32\combase.dll
0x00007ffafd8c0000 - 0x00007ffafd997000 	C:\WINDOWS\System32\OLEAUT32.dll
0x00007ffaf6940000 - 0x00007ffaf697c000 	C:\WINDOWS\SYSTEM32\dbgcore.DLL
0x00007ffafc5d0000 - 0x00007ffafc675000 	C:\WINDOWS\System32\bcryptPrimitives.dll
0x00007ffae9fd0000 - 0x00007ffae9fde000 	C:\Program Files\Android\Android Studio1\jbr\bin\instrument.dll
0x00007ffaeb990000 - 0x00007ffaeb9b0000 	C:\Program Files\Android\Android Studio1\jbr\bin\java.dll
0x00007ffaeb970000 - 0x00007ffaeb988000 	C:\Program Files\Android\Android Studio1\jbr\bin\zip.dll
0x00007ffafe0d0000 - 0x00007ffafe822000 	C:\WINDOWS\System32\SHELL32.dll
0x00007ffafc460000 - 0x00007ffafc5c9000 	C:\WINDOWS\System32\wintypes.dll
0x00007ffaf9a60000 - 0x00007ffafa2be000 	C:\WINDOWS\SYSTEM32\windows.storage.dll
0x00007ffafcda0000 - 0x00007ffafce94000 	C:\WINDOWS\System32\SHCORE.dll
0x00007ffafd300000 - 0x00007ffafd367000 	C:\WINDOWS\System32\shlwapi.dll
0x00007ffafbd90000 - 0x00007ffafbdb8000 	C:\WINDOWS\SYSTEM32\profapi.dll
0x00007ffaec860000 - 0x00007ffaec870000 	C:\Program Files\Android\Android Studio1\jbr\bin\net.dll
0x00007ffaf4ac0000 - 0x00007ffaf4be8000 	C:\WINDOWS\SYSTEM32\WINHTTP.dll
0x00007ffafb2b0000 - 0x00007ffafb31b000 	C:\WINDOWS\system32\mswsock.dll
0x00007ffaeb900000 - 0x00007ffaeb916000 	C:\Program Files\Android\Android Studio1\jbr\bin\nio.dll
0x00007ffaea060000 - 0x00007ffaea070000 	C:\Program Files\Android\Android Studio1\jbr\bin\verify.dll
0x00007ffad8570000 - 0x00007ffad8597000 	C:\Users\chucy\.gradle\native\1def1411415f61bf3af743bc5b6707747c0891f09f0c88961ee8f79bc544acac\windows-amd64\native-platform.dll
0x00007ffacdb50000 - 0x00007ffacdbc8000 	C:\Users\chucy\.gradle\native\0.2.7\x86_64-windows-gnu\gradle-fileevents.dll
0x00007ffaeaca0000 - 0x00007ffaeaca9000 	C:\Program Files\Android\Android Studio1\jbr\bin\management.dll
0x00007ffaea160000 - 0x00007ffaea16b000 	C:\Program Files\Android\Android Studio1\jbr\bin\management_ext.dll
0x00007ffafda60000 - 0x00007ffafda68000 	C:\WINDOWS\System32\PSAPI.DLL
0x00007ffafa6a0000 - 0x00007ffafa6d4000 	C:\WINDOWS\SYSTEM32\IPHLPAPI.DLL
0x00007ffafd800000 - 0x00007ffafd80a000 	C:\WINDOWS\System32\NSI.dll
0x00007ffaec5b0000 - 0x00007ffaec5b9000 	C:\Program Files\Android\Android Studio1\jbr\bin\extnet.dll
0x00007ffafb570000 - 0x00007ffafb58b000 	C:\WINDOWS\SYSTEM32\CRYPTSP.dll
0x00007ffafac70000 - 0x00007ffafacaa000 	C:\WINDOWS\system32\rsaenh.dll
0x00007ffafb360000 - 0x00007ffafb38b000 	C:\WINDOWS\SYSTEM32\USERENV.dll
0x00007ffafbd60000 - 0x00007ffafbd8a000 	C:\WINDOWS\SYSTEM32\bcrypt.dll
0x00007ffafb590000 - 0x00007ffafb59c000 	C:\WINDOWS\SYSTEM32\CRYPTBASE.dll
0x00007ffadb1e0000 - 0x00007ffadb1e8000 	C:\WINDOWS\system32\wshunix.dll
0x00007ffad1ef0000 - 0x00007ffad1f08000 	C:\WINDOWS\system32\napinsp.dll
0x00007ffafa740000 - 0x00007ffafa86c000 	C:\WINDOWS\SYSTEM32\DNSAPI.dll
0x00007fface670000 - 0x00007fface682000 	C:\WINDOWS\System32\winrnr.dll
0x00007fface550000 - 0x00007fface572000 	C:\WINDOWS\system32\nlansp_c.dll
0x00007ffaf4270000 - 0x00007ffaf4286000 	C:\WINDOWS\system32\wshbth.dll
0x00007ffaf51d0000 - 0x00007ffaf51db000 	C:\Windows\System32\rasadhlp.dll
0x00007ffaf3c50000 - 0x00007ffaf3cd6000 	C:\WINDOWS\System32\fwpuclnt.dll
0x00007ffae7f90000 - 0x00007ffae7f97000 	C:\Program Files\Android\Android Studio1\jbr\bin\rmi.dll

JVMTI agents:
C:\Users\chucy\.gradle\wrapper\dists\gradle-8.13-bin\5xuhj0ry160q40clulazy9h7d\gradle-8.13\lib\agents\gradle-instrumentation-agent-8.13.jar path:C:\Program Files\Android\Android Studio1\jbr\bin\instrument.dll, loaded, initialized, instrumentlib options:none

dbghelp: loaded successfully - version: 4.0.5 - missing functions: none
symbol engine: initialized successfully - sym options: 0x614 - pdb path: .;C:\Program Files\Android\Android Studio1\jbr\bin;C:\WINDOWS\SYSTEM32;C:\WINDOWS\WinSxS\amd64_microsoft.windows.common-controls_6595b64144ccf1df_6.0.26100.7070_none_3e0dce64e32f6a09;C:\Program Files\Android\Android Studio1\jbr\bin\server;C:\Users\chucy\.gradle\native\1def1411415f61bf3af743bc5b6707747c0891f09f0c88961ee8f79bc544acac\windows-amd64;C:\Users\chucy\.gradle\native\0.2.7\x86_64-windows-gnu

VM Arguments:
jvm_args: --add-opens=java.base/java.lang=ALL-UNNAMED --add-opens=java.base/java.lang.invoke=ALL-UNNAMED --add-opens=java.base/java.util=ALL-UNNAMED --add-opens=java.prefs/java.util.prefs=ALL-UNNAMED --add-exports=jdk.compiler/com.sun.tools.javac.api=ALL-UNNAMED --add-exports=jdk.compiler/com.sun.tools.javac.util=ALL-UNNAMED --add-opens=java.base/java.util=ALL-UNNAMED --add-opens=java.prefs/java.util.prefs=ALL-UNNAMED --add-opens=java.base/java.nio.charset=ALL-UNNAMED --add-opens=java.base/java.net=ALL-UNNAMED --add-opens=java.base/java.util.concurrent.atomic=ALL-UNNAMED --add-opens=java.xml/javax.xml.namespace=ALL-UNNAMED -Xmx2048m -Dfile.encoding=UTF-8 -Duser.country=US -Duser.language=en -Duser.variant -javaagent:C:\Users\chucy\.gradle\wrapper\dists\gradle-8.13-bin\5xuhj0ry160q40clulazy9h7d\gradle-8.13\lib\agents\gradle-instrumentation-agent-8.13.jar 
java_command: org.gradle.launcher.daemon.bootstrap.GradleDaemon 8.13
java_class_path (initial): C:\Users\chucy\.gradle\wrapper\dists\gradle-8.13-bin\5xuhj0ry160q40clulazy9h7d\gradle-8.13\lib\gradle-daemon-main-8.13.jar
Launcher Type: SUN_STANDARD

[Global flags]
     intx CICompilerCount                          = 12                                        {product} {ergonomic}
     uint ConcGCThreads                            = 3                                         {product} {ergonomic}
     uint G1ConcRefinementThreads                  = 13                                        {product} {ergonomic}
   size_t G1HeapRegionSize                         = 1048576                                   {product} {ergonomic}
    uintx GCDrainStackTargetSize                   = 64                                        {product} {ergonomic}
   size_t InitialHeapSize                          = 260046848                                 {product} {ergonomic}
   size_t MarkStackSize                            = 4194304                                   {product} {ergonomic}
   size_t MaxHeapSize                              = 2147483648                                {product} {command line}
   size_t MaxNewSize                               = 1287651328                                {product} {ergonomic}
   size_t MinHeapDeltaBytes                        = 1048576                                   {product} {ergonomic}
   size_t MinHeapSize                              = 8388608                                   {product} {ergonomic}
    uintx NonNMethodCodeHeapSize                   = 7602480                                {pd product} {ergonomic}
    uintx NonProfiledCodeHeapSize                  = 122027880                              {pd product} {ergonomic}
    uintx ProfiledCodeHeapSize                     = 122027880                              {pd product} {ergonomic}
    uintx ReservedCodeCacheSize                    = 251658240                              {pd product} {ergonomic}
     bool SegmentedCodeCache                       = true                                      {product} {ergonomic}
   size_t SoftMaxHeapSize                          = 2147483648                             {manageable} {ergonomic}
     bool UseCompressedOops                        = true                           {product lp64_product} {ergonomic}
     bool UseG1GC                                  = true                                      {product} {ergonomic}
     bool UseLargePagesIndividualAllocation        = false                                  {pd product} {ergonomic}

Logging:
Log output configuration:
 #0: stdout all=warning uptime,level,tags foldmultilines=false
 #1: stderr all=off uptime,level,tags foldmultilines=false

Environment Variables:
JAVA_HOME=C:\Program Files\Java\jdk-21
PATH=C:\Program Files\Eclipse Adoptium\jdk-21.0.8.9-hotspot\bin;C:\Program Files\Common Files\Oracle\Java\javapath;C:\Program Files (x86)\Common Files\Oracle\Java\java8path;C:\Program Files (x86)\Common Files\Oracle\Java\javapath;C:\Program Files\Oculus\Support\oculus-runtime;C:\Program Files (x86)\Razer Chroma SDK\bin;C:\Program Files\Razer Chroma SDK\bin;C:\Program Files (x86)\Razer\ChromaBroadcast\bin;C:\Program Files\Razer\ChromaBroadcast\bin;C:\Windows\system32;C:\Windows;C:\Windows\System32\Wbem;C:\Windows\System32\WindowsPowerShell\v1.0\;C:\Windows\System32\OpenSSH\;C:\WINDOWS\system32;C:\WINDOWS;C:\WINDOWS\System32\Wbem;C:\WINDOWS\System32\WindowsPowerShell\v1.0\;C:\WINDOWS\System32\OpenSSH\;C:\Program Files (x86)\NVIDIA Corporation\PhysX\Common;C:\WINDOWS\system32\config\systemprofile\AppData\Local\Microsoft\WindowsApps;C:\Program Files\dotnet\;C:\WINDOWS\system32;C:\WINDOWS;C:\WINDOWS\System32\Wbem;C:\WINDOWS\System32\WindowsPowerShell\v1.0\;C:\WINDOWS\System32\OpenSSH\;C:\Program Files\NVIDIA Corporation\NVIDIA App\NvDLISR;C:\Users\chucy\AndroidStudioProjects\virtual_surround\vcpkg\vcpkg;ViGEmClient.dll;C:\Program Files\Git\cmd;C:\Users\chucy\AppData\Local\Programs\Python\Launcher\;C:\Users\chucy\AppData\Local\Microsoft\WindowsApps;C:\Users\chucy\AppData\Local\Programs\Microsoft VS Code\bin;C:\Users\chucy\.dotnet\tools;C:\Users\chucy\AppData\Local\GitHubDesktop\bin
USERNAME=CYZeus
OS=Windows_NT
PROCESSOR_IDENTIFIER=AMD64 Family 25 Model 80 Stepping 0, AuthenticAMD
TMP=C:\Users\chucy\AppData\Local\Temp
TEMP=C:\Users\chucy\AppData\Local\Temp




Periodic native trim disabled

JNI global refs:
JNI global refs: 41, weak refs: 44

JNI global refs memory usage: 835, weak refs: 833

Process memory usage:
Resident Set Size: 692788K (4% of 16153176K total physical memory with 699424K free physical memory)

OOME stack traces (most recent first):
Classloader memory used:
Loader org.gradle.internal.classloader.VisitableURLClassLoader$InstrumentingVisitableURLClassLoader: 50676K
Loader org.gradle.internal.classloader.VisitableURLClassLoader                         : 47962K
Loader bootstrap                                                                       : 31195K
Loader org.gradle.initialization.MixInLegacyTypesClassLoader                           : 13936K
Loader jdk.internal.reflect.DelegatingClassLoader                                      : 671K
Loader jdk.internal.loader.ClassLoaders$PlatformClassLoader                            : 527K
Loader jdk.internal.loader.ClassLoaders$AppClassLoader                                 : 235K
Loader org.gradle.internal.classloader.VisitableURLClassLoader                         : 218K
Loader org.gradle.groovy.scripts.internal.DefaultScriptCompilationHandler$ScriptClassLoader: 136K
Loader org.codehaus.groovy.runtime.callsite.CallSiteClassLoader                        : 27488B

Classes loaded by more than one classloader:
Class Program                                                                         : loaded 5 times (x 72B)
Class Build_gradle                                                                    : loaded 3 times (x 130B)
Class Build_gradle$1                                                                  : loaded 3 times (x 74B)
Class org.gradle.internal.classloader.FilteringClassLoader                            : loaded 2 times (x 105B)
Class com.google.common.base.CharMatcher$IsEither                                     : loaded 2 times (x 111B)
Class org.gradle.internal.classloader.ClassLoaderHierarchy                            : loaded 2 times (x 70B)
Class com.google.common.collect.ImmutableEnumSet                                      : loaded 2 times (x 146B)
Class com.google.common.util.concurrent.ExecutionError                                : loaded 2 times (x 82B)
Class com.google.common.collect.ImmutableList$1                                       : loaded 2 times (x 97B)
Class org.gradle.api.internal.classpath.ManifestUtil                                  : loaded 2 times (x 71B)
Class com.google.common.collect.RegularImmutableMap                                   : loaded 2 times (x 121B)
Class com.google.common.collect.ImmutableMap$MapViewOfValuesAsSingletonSets           : loaded 2 times (x 126B)
Class ijJvmDebugger1_7upscuuposp546f3kc7n5fcxy                                        : loaded 2 times (x 179B)
Class [Lorg.objectweb.asm.Symbol;                                                     : loaded 2 times (x 69B)
Class org.objectweb.asm.ClassVisitor                                                  : loaded 2 times (x 88B)
Class com.google.common.collect.UnmodifiableListIterator                              : loaded 2 times (x 95B)
Class ijKotlinCoroutineJvmDebugInit1_bpx5b6qs7qzzfvscm0uw672tl$_run_closure1          : loaded 2 times (x 139B)
Class com.google.common.base.Platform$JdkPatternCompiler                              : loaded 2 times (x 75B)
Class org.objectweb.asm.MethodTooLargeException                                       : loaded 2 times (x 83B)
Class [Lcom.google.common.cache.CacheBuilder$OneWeigher;                              : loaded 2 times (x 69B)
Class com.google.common.base.Suppliers                                                : loaded 2 times (x 71B)
Class org.gradle.internal.classloader.DefaultClassLoaderFactory                       : loaded 2 times (x 82B)
Class org.gradle.internal.classloader.ClassLoaderVisitor                              : loaded 2 times (x 76B)
Class [Lcom.google.common.collect.ImmutableMapEntry;                                  : loaded 2 times (x 69B)
Class org.gradle.api.internal.classpath.EffectiveClassPath                            : loaded 2 times (x 90B)
Class com.google.common.collect.ImmutableRangeSet                                     : loaded 2 times (x 115B)
Class com.google.common.collect.ListMultimap                                          : loaded 2 times (x 70B)
Class com.google.common.collect.ImmutableEnumMap                                      : loaded 2 times (x 126B)
Class com.google.common.collect.ImmutableSet$SerializedForm                           : loaded 2 times (x 73B)
Class com.google.common.collect.Sets$1                                                : loaded 2 times (x 139B)
Class org.objectweb.asm.AnnotationVisitor                                             : loaded 2 times (x 78B)
Class org.gradle.api.internal.DefaultClassPathProvider                                : loaded 2 times (x 76B)
Class com.google.common.collect.Sets$2                                                : loaded 2 times (x 139B)
Class ijKotlinCoroutineJvmDebugInit1_bpx5b6qs7qzzfvscm0uw672tl$_run_closure1$_closure2: loaded 2 times (x 139B)
Class [Lorg.gradle.api.internal.ClassPathProvider;                                    : loaded 2 times (x 69B)
Class org.gradle.api.internal.ClassPathProvider                                       : loaded 2 times (x 70B)
Class [Lorg.objectweb.asm.AnnotationVisitor;                                          : loaded 2 times (x 69B)
Class com.google.common.collect.Sets$3                                                : loaded 2 times (x 139B)
Class com.google.common.util.concurrent.AbstractFuture$SafeAtomicHelper               : loaded 2 times (x 79B)
Class com.google.common.cache.LocalCache$LocalLoadingCache                            : loaded 2 times (x 134B)
Class org.gradle.internal.service.UnknownServiceException                             : loaded 2 times (x 83B)
Class com.google.common.collect.Sets$4                                                : loaded 2 times (x 139B)
Class org.objectweb.asm.ModuleVisitor                                                 : loaded 2 times (x 81B)
Class com.google.common.cache.LocalCache$Strength$1                                   : loaded 2 times (x 81B)
Class com.google.common.util.concurrent.SettableFuture                                : loaded 2 times (x 114B)
Class com.google.common.cache.LocalCache$Strength$2                                   : loaded 2 times (x 81B)
Class com.google.common.cache.LocalCache$Strength$3                                   : loaded 2 times (x 81B)
Class com.google.common.collect.MapDifference                                         : loaded 2 times (x 70B)
Class org.objectweb.asm.FieldWriter                                                   : loaded 2 times (x 78B)
Class com.google.common.cache.CacheBuilder$NullListener                               : loaded 2 times (x 82B)
Class org.gradle.internal.classpath.TransformedClassPath                              : loaded 2 times (x 96B)
Class org.gradle.internal.classloader.InstrumentingClassLoader                        : loaded 2 times (x 70B)
Class com.google.common.collect.ImmutableRangeSet$AsSet                               : loaded 2 times (x 300B)
Class com.google.common.cache.CacheLoader$FunctionToCacheLoader                       : loaded 2 times (x 75B)
Class com.google.common.collect.Iterators$ArrayItr                                    : loaded 2 times (x 97B)
Class com.google.common.collect.ImmutableCollection$Builder                           : loaded 2 times (x 76B)
Class com.google.common.base.Joiner                                                   : loaded 2 times (x 79B)
Class com.google.common.base.MoreObjects                                              : loaded 2 times (x 71B)
Class com.google.common.collect.Platform                                              : loaded 2 times (x 71B)
Class [Lorg.objectweb.asm.Type;                                                       : loaded 2 times (x 69B)
Class com.google.common.collect.UnmodifiableIterator                                  : loaded 2 times (x 80B)
Class org.gradle.internal.service.ServiceLocator                                      : loaded 2 times (x 70B)
Class com.google.common.base.Ascii                                                    : loaded 2 times (x 71B)
Class com.google.common.collect.SingletonImmutableBiMap                               : loaded 2 times (x 143B)
Class com.google.common.cache.LocalCache$1                                            : loaded 2 times (x 89B)
Class com.google.common.collect.AbstractMapEntry                                      : loaded 2 times (x 81B)
Class com.google.common.collect.Sets$ImprovedAbstractSet                              : loaded 2 times (x 135B)
Class com.google.common.collect.ImmutableList$Builder                                 : loaded 2 times (x 77B)
Class com.google.common.collect.AbstractMultimap                                      : loaded 2 times (x 123B)
Class com.google.common.cache.LocalCache$2                                            : loaded 2 times (x 142B)
Class com.google.common.collect.ImmutableRangeSet$1                                   : loaded 2 times (x 210B)
Class com.google.common.util.concurrent.AbstractFuture$UnsafeAtomicHelper$1           : loaded 2 times (x 76B)
Class com.google.common.collect.RegularImmutableAsList                                : loaded 2 times (x 217B)
Class com.google.common.collect.Range                                                 : loaded 2 times (x 87B)
Class com.google.common.util.concurrent.AbstractFuture$Trusted                        : loaded 2 times (x 70B)
Class com.google.common.collect.Iterators                                             : loaded 2 times (x 71B)
Class com.google.common.collect.Lists$StringAsImmutableList                           : loaded 2 times (x 207B)
Class com.google.common.util.concurrent.UncheckedExecutionException                   : loaded 2 times (x 82B)
Class org.gradle.kotlin.dsl.VersionCatalogAccessorsKt                                 : loaded 2 times (x 71B)
Class org.gradle.internal.InternalTransformer                                         : loaded 2 times (x 70B)
Class com.google.common.collect.AbstractMapBasedMultimap$KeySet$1                     : loaded 2 times (x 82B)
Class org.objectweb.asm.ClassWriter                                                   : loaded 2 times (x 106B)
Class com.google.common.cache.CacheLoader$UnsupportedLoadingOperationException        : loaded 2 times (x 82B)
Class com.google.common.base.CharMatcher$And                                          : loaded 2 times (x 112B)
Class org.gradle.internal.classloader.ClasspathUtil$1                                 : loaded 2 times (x 76B)
Class org.objectweb.asm.FieldVisitor                                                  : loaded 2 times (x 77B)
Class com.google.common.collect.IndexedImmutableSet                                   : loaded 2 times (x 152B)
Class com.google.common.collect.ImmutableMap$1                                        : loaded 2 times (x 81B)
Class com.google.common.collect.BiMap                                                 : loaded 2 times (x 70B)
Class org.gradle.api.internal.classpath.DefaultModuleRegistry$DefaultModule           : loaded 2 times (x 86B)
Class com.google.common.primitives.Ints                                               : loaded 2 times (x 71B)
Class com.google.common.collect.AbstractIterator                                      : loaded 2 times (x 82B)
Class com.google.common.collect.ObjectArrays                                          : loaded 2 times (x 71B)
Class com.google.common.collect.RegularImmutableMap$KeySet                            : loaded 2 times (x 152B)
Class com.google.common.collect.ArrayListMultimapGwtSerializationDependencies         : loaded 2 times (x 172B)
Class com.google.common.collect.AbstractIndexedListIterator                           : loaded 2 times (x 96B)
Class com.google.common.math.MathPreconditions                                        : loaded 2 times (x 71B)
Class com.google.common.collect.ImmutableMapEntrySet                                  : loaded 2 times (x 152B)
Class org.gradle.api.internal.classpath.Module                                        : loaded 2 times (x 70B)
Class com.google.common.cache.Weigher                                                 : loaded 2 times (x 70B)
Class org.gradle.api.internal.classpath.UnknownModuleException                        : loaded 2 times (x 82B)
Class com.google.common.base.Stopwatch                                                : loaded 2 times (x 72B)
Class com.google.common.cache.LocalCache$Strength                                     : loaded 2 times (x 81B)
Class com.google.common.cache.Cache                                                   : loaded 2 times (x 70B)
Class com.google.common.base.NullnessCasts                                            : loaded 2 times (x 71B)
Class com.google.common.util.concurrent.AbstractFuture$Cancellation                   : loaded 2 times (x 72B)
Class com.google.common.collect.ImmutableMap$Builder                                  : loaded 2 times (x 82B)
Class com.google.common.cache.RemovalListener                                         : loaded 2 times (x 70B)
Class org.gradle.api.internal.DefaultClassPathRegistry                                : loaded 2 times (x 76B)
Class com.google.common.primitives.IntsMethodsForWeb                                  : loaded 2 times (x 71B)
Class com.google.common.collect.Multimap                                              : loaded 2 times (x 70B)
Class org.gradle.api.internal.ClassPathRegistry                                       : loaded 2 times (x 70B)
Class org.gradle.internal.classpath.DefaultClassPath$ImmutableUniqueList              : loaded 2 times (x 199B)
Class com.google.common.base.Equivalence$Identity                                     : loaded 2 times (x 82B)
Class com.google.common.cache.CacheBuilder                                            : loaded 2 times (x 72B)
Class com.google.common.collect.SingletonImmutableList                                : loaded 2 times (x 207B)
Class Settings_gradle$1                                                               : loaded 2 times (x 74B)
Class org.gradle.internal.classpath.ClassPath                                         : loaded 2 times (x 70B)
Class org.gradle.api.UncheckedIOException                                             : loaded 2 times (x 82B)
Class com.google.common.base.JdkPattern                                               : loaded 2 times (x 75B)
Class com.google.common.collect.ImmutableList$ReverseImmutableList                    : loaded 2 times (x 209B)
Class org.objectweb.asm.SymbolTable$Entry                                             : loaded 2 times (x 74B)
Class com.google.common.util.concurrent.AbstractFuture$AtomicHelper                   : loaded 2 times (x 78B)
Class org.objectweb.asm.Edge                                                          : loaded 2 times (x 72B)
Class com.google.common.base.Suppliers$SupplierOfInstance                             : loaded 2 times (x 79B)
Class com.google.common.collect.Iterators$1                                           : loaded 2 times (x 81B)
Class com.google.common.cache.LocalCache$ComputingValueReference                      : loaded 2 times (x 96B)
Class com.google.common.collect.SingletonImmutableSet                                 : loaded 2 times (x 146B)
Class com.google.common.collect.ImmutableMap$IteratorBasedImmutableMap                : loaded 2 times (x 126B)
Class com.google.common.cache.LocalCache$Segment                                      : loaded 2 times (x 154B)
Class com.google.common.collect.SortedIterable                                        : loaded 2 times (x 70B)
Class com.google.common.collect.AbstractListMultimap                                  : loaded 2 times (x 172B)
Class [Lorg.objectweb.asm.SymbolTable$Entry;                                          : loaded 2 times (x 69B)
Class com.google.common.cache.CacheLoader                                             : loaded 2 times (x 74B)
Class com.google.common.collect.Iterators$4                                           : loaded 2 times (x 82B)
Class com.google.common.collect.ImmutableBiMap                                        : loaded 2 times (x 143B)
Class org.gradle.internal.installation.GradleInstallation$1                           : loaded 2 times (x 75B)
Class org.gradle.api.internal.classpath.ModuleRegistry                                : loaded 2 times (x 70B)
Class com.google.common.util.concurrent.internal.InternalFutureFailureAccess          : loaded 2 times (x 72B)
Class com.google.common.collect.Iterators$5                                           : loaded 2 times (x 82B)
Class com.google.common.collect.ImmutableSet$JdkBackedSetBuilderImpl                  : loaded 2 times (x 76B)
Class com.google.common.util.concurrent.AbstractFuture$UnsafeAtomicHelper             : loaded 2 times (x 78B)
Class com.google.common.cache.LocalCache$LocalManualCache$1                           : loaded 2 times (x 75B)
Class com.google.common.base.CharMatcher$ForPredicate                                 : loaded 2 times (x 112B)
Class com.google.common.base.CharMatcher$AnyOf                                        : loaded 2 times (x 112B)
Class com.google.common.collect.ImmutableCollection                                   : loaded 2 times (x 125B)
Class org.gradle.api.internal.classpath.DefaultModuleRegistry                         : loaded 2 times (x 86B)
Class com.google.common.collect.Lists                                                 : loaded 2 times (x 71B)
Class com.google.common.util.concurrent.ListenableFuture                              : loaded 2 times (x 70B)
Class com.google.common.cache.ReferenceEntry                                          : loaded 2 times (x 70B)
Class com.google.common.base.Converter                                                : loaded 2 times (x 90B)
Class com.google.common.collect.ImmutableSet$CachingAsList                            : loaded 2 times (x 148B)
Class com.google.common.collect.AbstractMapBasedMultimap                              : loaded 2 times (x 139B)
Class com.google.common.util.concurrent.AbstractFuture                                : loaded 2 times (x 106B)
Class com.google.common.base.FunctionalEquivalence                                    : loaded 2 times (x 83B)
Class com.google.common.collect.Iterators$9                                           : loaded 2 times (x 81B)
Class com.google.common.collect.ImmutableAsList                                       : loaded 2 times (x 209B)
Class org.objectweb.asm.RecordComponentVisitor                                        : loaded 2 times (x 77B)
Class com.google.common.cache.CacheLoader$SupplierToCacheLoader                       : loaded 2 times (x 75B)
Class com.google.common.collect.Maps$EntryTransformer                                 : loaded 2 times (x 70B)
Class org.gradle.internal.service.ServiceLookupException                              : loaded 2 times (x 82B)
Class com.google.common.collect.Lists$ReverseList                                     : loaded 2 times (x 200B)
Class com.google.common.collect.ImmutableSortedSet                                    : loaded 2 times (x 300B)
Class [Lcom.google.common.cache.LocalCache$EntryFactory;                              : loaded 2 times (x 69B)
Class org.gradle.internal.classloader.ClassLoaderFactory                              : loaded 2 times (x 70B)
Class com.google.common.base.CommonPattern                                            : loaded 2 times (x 74B)
Class com.google.common.cache.LocalCache$LocalManualCache                             : loaded 2 times (x 99B)
Class com.google.common.base.CharMatcher$IsNot                                        : loaded 2 times (x 111B)
Class org.gradle.internal.service.CachingServiceLocator                               : loaded 2 times (x 82B)
Class com.google.common.collect.AbstractMapBasedMultimap$KeySet                       : loaded 2 times (x 137B)
Class com.google.common.collect.RegularImmutableSortedSet                             : loaded 2 times (x 300B)
Class com.google.common.math.IntMath                                                  : loaded 2 times (x 71B)
Class com.google.common.collect.ImmutableMapEntry                                     : loaded 2 times (x 85B)
Class com.google.common.base.Equivalence                                              : loaded 2 times (x 82B)
Class com.google.common.base.Function                                                 : loaded 2 times (x 70B)
Class com.google.common.collect.ImmutableMapEntry$NonTerminalImmutableMapEntry        : loaded 2 times (x 85B)
Class com.google.common.cache.CacheBuilder$OneWeigher                                 : loaded 2 times (x 82B)
Class com.google.common.collect.RegularImmutableList                                  : loaded 2 times (x 213B)
Class org.gradle.internal.classloader.ClasspathUtil                                   : loaded 2 times (x 71B)
Class com.google.common.base.Charsets                                                 : loaded 2 times (x 71B)
Class com.google.common.util.concurrent.Uninterruptibles                              : loaded 2 times (x 71B)
Class com.google.common.collect.Maps                                                  : loaded 2 times (x 71B)
Class ijJvmDebugger1_7upscuuposp546f3kc7n5fcxy$_run_closure1$_closure2                : loaded 2 times (x 140B)
Class org.gradle.api.specs.Spec                                                       : loaded 2 times (x 70B)
Class [Lcom.google.common.collect.ImmutableEntry;                                     : loaded 2 times (x 69B)
Class com.google.common.cache.LocalCache$LoadingValueReference                        : loaded 2 times (x 96B)
Class com.google.common.collect.Multiset                                              : loaded 2 times (x 70B)
Class com.google.common.base.Platform                                                 : loaded 2 times (x 71B)
Class [Lorg.objectweb.asm.AnnotationWriter;                                           : loaded 2 times (x 69B)
Class com.google.common.collect.Maps$8                                                : loaded 2 times (x 82B)
Class com.google.common.collect.Lists$ReverseList$1                                   : loaded 2 times (x 99B)
Class com.google.common.collect.ImmutableRangeSet$Builder                             : loaded 2 times (x 77B)
Class com.google.common.collect.Sets$SetView                                          : loaded 2 times (x 138B)
Class com.google.common.cache.LocalCache$StrongValueReference                         : loaded 2 times (x 90B)
Class com.google.common.util.concurrent.AbstractFuture$SynchronizedHelper             : loaded 2 times (x 78B)
Class org.objectweb.asm.Type                                                          : loaded 2 times (x 72B)
Class org.gradle.internal.classloader.VisitableURLClassLoader$InstrumentingVisitableURLClassLoader: loaded 2 times (x 123B)
Class org.objectweb.asm.ByteVector                                                    : loaded 2 times (x 79B)
Class [Lcom.google.common.cache.CacheBuilder$NullListener;                            : loaded 2 times (x 69B)
Class com.google.common.math.IntMath$1                                                : loaded 2 times (x 71B)
Class org.gradle.internal.classloader.VisitableURLClassLoader$Spec                    : loaded 2 times (x 74B)
Class org.gradle.internal.classpath.DefaultClassPath                                  : loaded 2 times (x 90B)
Class org.objectweb.asm.Symbol                                                        : loaded 2 times (x 73B)
Class com.google.common.io.Closer                                                     : loaded 2 times (x 78B)
Class com.google.common.base.CharMatcher$Ascii                                        : loaded 2 times (x 112B)
Class com.google.common.base.CharMatcher$BitSetMatcher                                : loaded 2 times (x 112B)
Class com.google.common.collect.ImmutableSet                                          : loaded 2 times (x 145B)
Class com.google.common.collect.RegularImmutableMap$Values                            : loaded 2 times (x 207B)
Class org.gradle.internal.classloader.ClassLoaderSpec                                 : loaded 2 times (x 71B)
Class org.objectweb.asm.AnnotationWriter                                              : loaded 2 times (x 79B)
Class com.google.common.cache.CacheStats                                              : loaded 2 times (x 71B)
Class com.google.common.io.Closer$Suppressor                                          : loaded 2 times (x 70B)
Class org.objectweb.asm.RecordComponentWriter                                         : loaded 2 times (x 78B)
Class com.google.common.util.concurrent.AbstractFuture$Listener                       : loaded 2 times (x 72B)
Class com.google.common.base.CharMatcher$Or                                           : loaded 2 times (x 112B)
Class Settings_gradle$1$1                                                             : loaded 2 times (x 74B)
Class org.objectweb.asm.Attribute                                                     : loaded 2 times (x 77B)
Class com.google.common.base.Supplier                                                 : loaded 2 times (x 70B)
Class org.gradle.internal.classloader.VisitableURLClassLoader                         : loaded 2 times (x 117B)
Class com.google.common.util.concurrent.AbstractFuture$Waiter                         : loaded 2 times (x 72B)
Class Settings_gradle                                                                 : loaded 2 times (x 128B)
Class org.gradle.internal.Cast                                                        : loaded 2 times (x 71B)
Class org.gradle.api.Action                                                           : loaded 2 times (x 70B)
Class com.google.common.base.Strings                                                  : loaded 2 times (x 71B)
Class com.google.common.collect.Sets                                                  : loaded 2 times (x 71B)
Class org.objectweb.asm.Handler                                                       : loaded 2 times (x 72B)
Class com.google.common.base.Ticker                                                   : loaded 2 times (x 72B)
Class com.google.common.base.CharMatcher$FastMatcher                                  : loaded 2 times (x 111B)
Class [Lcom.google.common.cache.LocalCache$Segment;                                   : loaded 2 times (x 69B)
Class [Lcom.google.common.cache.LocalCache$Strength;                                  : loaded 2 times (x 69B)
Class com.google.common.cache.CacheBuilder$1                                          : loaded 2 times (x 85B)
Class com.google.common.base.Predicate                                                : loaded 2 times (x 70B)
Class com.google.common.collect.ImmutableMap                                          : loaded 2 times (x 120B)
Class org.gradle.internal.classpath.DefaultClassPath$ImmutableUniqueList$Builder      : loaded 2 times (x 75B)
Class com.google.common.collect.AbstractRangeSet                                      : loaded 2 times (x 114B)
Class com.google.common.cache.LocalCache                                              : loaded 2 times (x 187B)
Class com.google.common.cache.CacheBuilder$2                                          : loaded 2 times (x 79B)
Class com.google.common.base.CharMatcher$NegatedFastMatcher                           : loaded 2 times (x 113B)
Class com.google.common.collect.ArrayListMultimap                                     : loaded 2 times (x 172B)
Class com.google.common.cache.CacheBuilder$3                                          : loaded 2 times (x 72B)
Class [Lcom.google.common.collect.AbstractMapEntry;                                   : loaded 2 times (x 69B)
Class com.google.common.collect.ImmutableEntry                                        : loaded 2 times (x 82B)
Class org.gradle.api.GradleException                                                  : loaded 2 times (x 82B)
Class com.google.common.base.Suppliers$MemoizingSupplier                              : loaded 2 times (x 79B)
Class com.google.common.collect.CollectPreconditions                                  : loaded 2 times (x 71B)
Class com.google.common.collect.SortedMapDifference                                   : loaded 2 times (x 70B)
Class com.google.common.cache.LocalCache$EntryFactory                                 : loaded 2 times (x 83B)
Class com.google.common.cache.LocalCache$AbstractReferenceEntry                       : loaded 2 times (x 107B)
Class org.gradle.internal.IoActions                                                   : loaded 2 times (x 71B)
Class com.google.common.collect.ImmutableRangeSet$ComplementRanges                    : loaded 2 times (x 207B)
Class org.objectweb.asm.SymbolTable                                                   : loaded 2 times (x 72B)
Class com.google.common.cache.CacheLoader$InvalidCacheLoadException                   : loaded 2 times (x 82B)
Class com.google.common.collect.ImmutableSet$RegularSetBuilderImpl                    : loaded 2 times (x 77B)
Class org.gradle.internal.classloader.SystemClassLoaderSpec                           : loaded 2 times (x 71B)
Class com.google.common.cache.LocalCache$StrongEntry                                  : loaded 2 times (x 108B)
Class com.google.common.util.concurrent.AbstractFuture$TrustedFuture                  : loaded 2 times (x 114B)
Class com.google.common.cache.LoadingCache                                            : loaded 2 times (x 70B)
Class com.google.common.base.Suppliers$NonSerializableMemoizingSupplier               : loaded 2 times (x 79B)
Class org.objectweb.asm.MethodWriter                                                  : loaded 2 times (x 106B)
Class [Lcom.google.common.cache.Weigher;                                              : loaded 2 times (x 69B)
Class com.google.common.collect.RegularImmutableMap$BucketOverflowException           : loaded 2 times (x 82B)
Class ijKotlinCoroutineJvmDebugInit1_bpx5b6qs7qzzfvscm0uw672tl                        : loaded 2 times (x 179B)
Class com.google.common.collect.RegularImmutableBiMap                                 : loaded 2 times (x 149B)
Class com.google.common.cache.LocalCache$ValueReference                               : loaded 2 times (x 70B)
Class com.google.common.base.CharMatcher$Negated                                      : loaded 2 times (x 113B)
Class com.google.common.base.CharMatcher$Is                                           : loaded 2 times (x 111B)
Class ijJvmDebugger1_7upscuuposp546f3kc7n5fcxy$_run_closure1                          : loaded 2 times (x 139B)
Class com.google.common.hash.PrimitiveSink                                            : loaded 2 times (x 70B)
Class com.google.common.base.PatternCompiler                                          : loaded 2 times (x 70B)
Class com.google.common.util.concurrent.AbstractFuture$Failure                        : loaded 2 times (x 72B)
Class com.google.common.base.Equivalence$Equals                                       : loaded 2 times (x 82B)
Class com.google.common.collect.Hashing                                               : loaded 2 times (x 71B)
Class com.google.common.base.Preconditions                                            : loaded 2 times (x 71B)
Class com.google.common.base.Joiner$1                                                 : loaded 2 times (x 80B)
Class org.objectweb.asm.Label                                                         : loaded 2 times (x 73B)
Class org.objectweb.asm.CurrentFrame                                                  : loaded 2 times (x 73B)
Class org.objectweb.asm.ClassTooLargeException                                        : loaded 2 times (x 83B)
Class com.google.common.base.CharMatcher                                              : loaded 2 times (x 111B)
Class com.google.common.collect.PeekingIterator                                       : loaded 2 times (x 70B)
Class com.google.common.collect.RangeGwtSerializationDependencies                     : loaded 2 times (x 71B)
Class com.google.common.base.Joiner$2                                                 : loaded 2 times (x 79B)
Class org.objectweb.asm.Frame                                                         : loaded 2 times (x 73B)
Class org.objectweb.asm.MethodVisitor                                                 : loaded 2 times (x 105B)
Class com.google.common.cache.LocalCache$EntryFactory$1                               : loaded 2 times (x 83B)
Class [Lcom.google.common.cache.RemovalListener;                                      : loaded 2 times (x 69B)
Class com.google.common.base.CharMatcher$NamedFastMatcher                             : loaded 2 times (x 112B)
Class com.google.common.base.CharMatcher$1                                            : loaded 2 times (x 113B)
Class com.google.common.collect.RangeSet                                              : loaded 2 times (x 70B)
Class com.google.common.cache.LocalCache$EntryFactory$2                               : loaded 2 times (x 83B)
Class org.gradle.api.internal.classpath.GlobalCacheRootsProvider                      : loaded 2 times (x 70B)
Class com.google.common.collect.CollectCollectors                                     : loaded 2 times (x 71B)
Class org.objectweb.asm.ModuleWriter                                                  : loaded 2 times (x 82B)
Class com.google.common.cache.LocalCache$EntryFactory$3                               : loaded 2 times (x 83B)
Class com.google.common.base.Ticker$1                                                 : loaded 2 times (x 72B)
Class com.google.common.collect.Maps$BiMapConverter                                   : loaded 2 times (x 90B)
Class com.google.common.collect.ImmutableMapEntrySet$RegularEntrySet                  : loaded 2 times (x 152B)
Class com.google.common.cache.LocalCache$EntryFactory$4                               : loaded 2 times (x 83B)
Class com.google.common.base.CharMatcher$InRange                                      : loaded 2 times (x 111B)
Class com.google.common.collect.ImmutableSet$Builder                                  : loaded 2 times (x 85B)
Class com.google.common.cache.LocalCache$EntryFactory$5                               : loaded 2 times (x 83B)
Class com.google.common.base.PairwiseEquivalence                                      : loaded 2 times (x 83B)
Class com.google.common.cache.LocalCache$EntryFactory$6                               : loaded 2 times (x 83B)
Class org.gradle.internal.installation.CurrentGradleInstallationLocator               : loaded 2 times (x 71B)
Class com.google.common.collect.Maps$KeySet                                           : loaded 2 times (x 137B)
Class com.google.common.cache.LocalCache$EntryFactory$7                               : loaded 2 times (x 83B)
Class com.google.common.collect.ImmutableSet$EmptySetBuilderImpl                      : loaded 2 times (x 76B)
Class com.google.common.collect.ImmutableList                                         : loaded 2 times (x 206B)
Class org.gradle.internal.service.DefaultServiceLocator                               : loaded 2 times (x 83B)
Class com.google.common.cache.LocalCache$EntryFactory$8                               : loaded 2 times (x 83B)
Class com.google.common.collect.ImmutableSet$SetBuilderImpl                           : loaded 2 times (x 76B)
Class org.gradle.internal.installation.CurrentGradleInstallation                      : loaded 2 times (x 73B)
Class com.google.common.cache.CacheLoader$1                                           : loaded 2 times (x 75B)
Class com.google.common.collect.ForwardingObject                                      : loaded 2 times (x 72B)
Class com.google.common.collect.ImmutableList$SubList                                 : loaded 2 times (x 209B)
Class org.gradle.util.internal.GUtil                                                  : loaded 2 times (x 71B)
Class com.google.common.util.concurrent.AbstractFuture$SetFuture                      : loaded 2 times (x 75B)
Class com.google.common.cache.AbstractCache$StatsCounter                              : loaded 2 times (x 70B)
Class com.google.common.collect.Iterators$MergingIterator                             : loaded 2 times (x 81B)
Class com.google.common.collect.RegularImmutableSet                                   : loaded 2 times (x 149B)
Class org.gradle.internal.installation.GradleInstallation                             : loaded 2 times (x 75B)
Class com.google.common.collect.Iterables                                             : loaded 2 times (x 71B)
Class com.google.common.collect.Lists$RandomAccessReverseList                         : loaded 2 times (x 200B)

---------------  S Y S T E M  ---------------

OS:
 Windows 11 , 64 bit Build 26100 (10.0.26100.7051)
OS uptime: 8 days 18:03 hours
Hyper-V role detected

CPU: total 16 (initial active 16) (16 cores per cpu, 2 threads per core) family 25 model 80 stepping 0 microcode 0xa50000c, cx8, cmov, fxsr, ht, mmx, 3dnowpref, sse, sse2, sse3, ssse3, sse4a, sse4.1, sse4.2, popcnt, lzcnt, tsc, tscinvbit, avx, avx2, aes, erms, clmul, bmi1, bmi2, adx, sha, fma, vzeroupper, clflush, clflushopt, hv, rdtscp, rdpid, fsrm, f16c, cet_ss
Processor Information for the first 16 processors :
  Max Mhz: 3301, Current Mhz: 3301, Mhz Limit: 3301

Memory: 4k page, system-wide physical 15774M (2807M free)
TotalPageFile size 64926M (AvailPageFile size 4197M)
current process WorkingSet (physical memory assigned to process): 685M, peak: 685M
current process commit charge ("private bytes"): 735M, peak: 735M

vm_info: OpenJDK 64-Bit Server VM (21.0.8+-14196175-b1038.72) for windows-amd64 JRE (21.0.8+-14196175-b1038.72), built on 2025-10-01T10:24:33Z by "builder" with MS VC++ 16.10 / 16.11 (VS2019)

END.
